sa2_code_2021,cohort_count_2022,survived_count_1yr,survival_rate_1yr_pct,survived_count_2yr,survival_rate_2yr_pct,survived_count_3yr,survival_rate_3yr_pct,sa2_name_2021,access_share_pct,metro_regional_majority,cohort_count,survived_count,survival_rate_pct,share_200,share_400,share_800,irsad_aus_decile,median_nearest_stop_distance_m
201011001,20,19,95.0,19,95.0,19,95.0,Alfredton,78.3,Regional,20,19,95.0,47.8,78.3,82.6,6,230
201011002,172,152,88.4,151,87.8,142,82.6,Ballarat,95.4,Regional,172,151,87.8,82.1,95.4,100.0,7,123
201011005,18,15,83.3,15,83.3,14,77.8,Buninyong,60.0,Regional,18,15,83.3,40.0,60.0,80.0,7,338
201011006,12,11,91.7,11,91.7,10,83.3,Delacombe,58.3,Regional,12,11,91.7,0.0,58.3,75.0,3,272
201011007,6,4,66.7,4,66.7,4,66.7,Smythes Creek,42.9,Regional,6,4,66.7,0.0,42.9,71.4,6,788
201011008,33,27,81.8,26,78.8,25,75.8,Wendouree - Miners Rest,71.4,Regional,33,26,78.8,62.9,71.4,80.0,1,111
201011481,23,22,95.7,22,95.7,21,91.3,Ballarat East - Warrenheip,64.0,Regional,23,22,95.7,32.0,64.0,84.0,3,301
201011482,26,22,84.6,22,84.6,22,84.6,Ballarat North - Invermay,82.8,Regional,26,22,84.6,41.4,82.8,82.8,6,286
201011483,32,28,87.5,25,78.1,24,75.0,Canadian - Mount Clear,84.4,Regional,32,25,78.1,59.4,84.4,100.0,4,172
201011484,18,18,100.0,18,100.0,18,100.0,Sebastopol - Redan,83.3,Regional,18,18,100.0,66.7,83.3,100.0,1,139
201021009,25,22,88.0,21,84.0,19,76.0,Bacchus Marsh Surrounds,13.8,Regional,25,21,84.0,0.0,13.8,37.9,5,7104
201021010,47,43,91.5,40,85.1,38,80.9,Creswick - Clunes,52.9,Regional,47,40,85.1,41.2,52.9,68.6,4,270
201021011,132,111,84.1,110,83.3,98,74.2,Daylesford,45.7,Regional,132,110,83.3,17.0,45.7,68.8,6,449
201021012,22,20,90.9,20,90.9,20,90.9,Gordon (Vic.),40.7,Regional,22,20,90.9,29.6,40.7,55.6,6,531
201031013,63,56,88.9,55,87.3,47,74.6,Avoca,18.9,Regional,63,55,87.3,15.1,18.9,28.3,2,6395
201031014,17,16,94.1,14,82.4,14,82.4,Beaufort,50.0,Regional,17,14,82.4,22.2,50.0,50.0,3,901
201031015,13,9,69.2,9,69.2,9,69.2,Golden Plains - North,53.3,Regional,13,9,69.2,40.0,53.3,73.3,4,263
201031016,35,31,88.6,31,88.6,27,77.1,Maryborough (Vic.),96.7,Regional,35,31,88.6,93.3,96.7,100.0,1,125
201031017,30,25,83.3,24,80.0,23,76.7,Maryborough Surrounds,41.9,Regional,30,24,80.0,32.3,41.9,64.5,1,685
202011018,165,144,87.3,143,86.7,133,80.6,Bendigo,98.1,Regional,165,143,86.7,80.5,98.1,100.0,2,125
202011019,21,18,85.7,18,85.7,18,85.7,California Gully - Eaglehawk,85.0,Regional,21,18,85.7,70.0,85.0,90.0,1,129
202011020,29,24,82.8,24,82.8,23,79.3,East Bendigo - Kennington,80.0,Regional,29,24,82.8,60.0,80.0,91.4,5,171
202011021,10,9,90.0,9,90.0,9,90.0,Flora Hill - Spring Gully,100.0,Regional,10,9,90.0,91.7,100.0,100.0,5,67
202011022,40,38,95.0,38,95.0,34,85.0,Kangaroo Flat - Golden Square,94.7,Regional,40,38,95.0,84.2,94.7,97.4,2,90
202011023,7,7,100.0,7,100.0,7,100.0,Maiden Gully,50.0,Regional,7,7,100.0,25.0,50.0,75.0,7,341
202011024,13,11,84.6,11,84.6,11,84.6,Strathfieldsaye,46.2,Regional,13,11,84.6,23.1,46.2,76.9,8,413
202011025,24,21,87.5,20,83.3,20,83.3,White Hills - Ascot,68.2,Regional,24,20,83.3,54.5,68.2,95.5,4,161
202021026,30,25,83.3,25,83.3,23,76.7,Bendigo Surrounds - South,5.7,Regional,30,25,83.3,5.7,5.7,22.9,7,3871
202021027,61,51,83.6,51,83.6,51,83.6,Castlemaine,88.7,Regional,61,51,83.6,46.8,88.7,96.8,5,212
202021028,78,63,80.8,62,79.5,60,76.9,Castlemaine Surrounds,42.5,Regional,78,62,79.5,22.5,42.5,47.5,5,1043
202021029,60,52,86.7,52,86.7,49,81.7,Heathcote,31.1,Regional,60,52,86.7,13.5,31.1,44.6,3,1571
202021030,74,62,83.8,62,83.8,56,75.7,Kyneton,72.2,Regional,74,62,83.8,54.2,72.2,72.2,6,186
202021031,46,37,80.4,36,78.3,33,71.7,Woodend,65.9,Regional,46,36,78.3,53.7,65.9,70.7,8,195
202031032,20,19,95.0,19,95.0,18,90.0,Bendigo Surrounds - North,40.0,Regional,20,19,95.0,32.0,40.0,52.0,4,787
202031033,66,61,92.4,59,89.4,56,84.8,Loddon,45.4,Regional,66,59,89.4,24.7,45.4,62.9,2,471
203011034,20,16,80.0,15,75.0,15,75.0,Bannockburn,31.2,Regional,20,15,75.0,18.8,31.2,59.4,6,561
203011035,31,26,83.9,26,83.9,25,80.6,Golden Plains - South,33.3,Regional,31,26,83.9,22.2,33.3,48.1,6,876
203011036,37,33,89.2,33,89.2,32,86.5,Winchelsea,0.0,Regional,37,33,89.2,0.0,0.0,5.5,7,13544
203021037,56,46,82.1,45,80.4,41,73.2,Belmont,82.5,Regional,56,45,80.4,64.9,82.5,96.5,5,111
203021039,249,222,89.2,222,89.2,204,81.9,Geelong,84.7,Regional,249,222,89.2,64.1,84.7,98.3,6,171
203021040,97,84,86.6,84,86.6,74,76.3,Geelong West - Hamlyn Heights,86.6,Regional,97,84,86.6,78.0,86.6,96.3,7,110
203021042,30,26,86.7,26,86.7,24,80.0,Highton,71.9,Regional,30,26,86.7,65.6,71.9,81.2,8,179
203021043,38,35,92.1,34,89.5,31,81.6,Lara,55.3,Regional,38,34,89.5,39.5,55.3,65.8,5,304
203021044,17,16,94.1,16,94.1,15,88.2,Leopold,83.3,Regional,17,16,94.1,50.0,83.3,94.4,5,230
203021045,27,23,85.2,22,81.5,22,81.5,Newcomb - Moolap,96.0,Regional,27,22,81.5,52.0,96.0,100.0,1,177
203021046,42,34,81.0,32,76.2,29,69.0,Newtown (Vic.),76.2,Regional,42,32,76.2,50.0,76.2,100.0,9,190
203021047,48,40,83.3,40,83.3,36,75.0,North Geelong - Bell Park,81.0,Regional,48,40,83.3,52.4,81.0,92.9,4,188
203021485,7,6,85.7,6,85.7,6,85.7,Charlemont,100.0,Regional,7,6,85.7,81.8,100.0,100.0,6,137
203021486,30,26,86.7,26,86.7,26,86.7,Corio - Lovely Banks,42.9,Regional,30,26,86.7,25.7,42.9,71.4,1,429
203021487,46,37,80.4,37,80.4,36,78.3,Grovedale - Mount Duneed,81.2,Regional,46,37,80.4,56.2,81.2,87.5,6,174
203021488,24,22,91.7,22,91.7,21,87.5,Norlane,45.5,Regional,24,22,91.7,31.8,45.5,100.0,1,409
203031048,44,38,86.4,38,86.4,37,84.1,Clifton Springs,51.1,Regional,44,38,86.4,36.2,51.1,80.9,5,365
203031049,84,73,86.9,69,82.1,67,79.8,Lorne - Anglesea,71.4,Regional,84,69,82.1,39.0,72.7,84.4,8,258
203031051,48,44,91.7,43,89.6,39,81.2,Portarlington,68.0,Regional,48,43,89.6,50.0,68.0,76.0,4,199
203031052,60,51,85.0,51,85.0,49,81.7,Point Lonsdale - Queenscliff,83.6,Regional,60,51,85.0,61.8,83.6,87.3,8,117
203031053,103,81,78.6,80,77.7,78,75.7,Torquay,78.8,Regional,103,80,77.7,53.1,78.8,90.3,9,181
203031489,39,36,92.3,35,89.7,34,87.2,Barwon Heads - Armstrong Creek,67.5,Regional,39,35,89.7,52.5,67.5,77.5,8,177
203031490,69,61,88.4,61,88.4,55,79.7,Ocean Grove,63.8,Regional,69,61,88.4,27.5,63.8,81.2,8,318
204011054,73,60,82.2,60,82.2,55,75.3,Alexandra,60.2,Regional,73,60,82.2,37.0,60.2,66.7,4,291
204011055,42,39,92.9,39,92.9,34,81.0,Euroa,31.2,Regional,42,39,92.9,3.1,31.2,48.4,4,960
204011056,46,42,91.3,41,89.1,39,84.8,Kilmore - Broadford,55.1,Regional,46,41,89.1,42.9,55.1,77.6,4,258
204011057,138,119,86.2,117,84.8,110,79.7,Mansfield (Vic.),23.0,Regional,138,117,84.8,14.8,23.0,25.4,5,23330
204011058,58,50,86.2,50,86.2,49,84.5,Nagambie,20.0,Regional,58,50,86.2,7.1,20.0,31.4,4,2207
204011059,33,30,90.9,30,90.9,29,87.9,Seymour,81.8,Regional,33,30,90.9,51.5,81.8,84.8,1,173
204011060,17,17,100.0,17,100.0,17,100.0,Seymour Surrounds,33.3,Regional,17,17,100.0,9.5,33.3,42.9,6,2119
204011062,40,36,90.0,33,82.5,29,72.5,Yea,45.2,Regional,40,33,82.5,25.8,45.2,48.4,4,1279
204021063,48,37,77.1,37,77.1,34,70.8,Benalla,84.2,Regional,48,37,77.1,63.2,84.2,89.5,2,171
204021064,24,22,91.7,22,91.7,21,87.5,Benalla Surrounds,7.4,Regional,24,22,91.7,7.4,7.4,7.4,5,15950
204021065,64,51,79.7,51,79.7,47,73.4,Rutherglen,42.7,Regional,64,51,79.7,19.5,42.7,53.7,4,718
204021066,71,63,88.7,63,88.7,56,78.9,Wangaratta,90.5,Regional,71,63,88.7,47.3,90.5,91.9,3,203
204021067,105,89,84.8,89,84.8,84,80.0,Wangaratta Surrounds,26.7,Regional,105,89,84.8,20.8,26.7,36.6,6,2184
204031068,67,60,89.6,59,88.1,58,86.6,Beechworth,46.6,Regional,67,59,88.1,30.1,46.6,52.6,6,582
204031069,200,182,91.0,182,91.0,172,86.0,Bright - Mount Beauty,34.6,Regional,200,182,91.0,18.4,34.6,45.6,6,1151
204031070,19,14,73.7,13,68.4,13,68.4,Chiltern - Indigo Valley,40.0,Regional,19,13,68.4,26.7,40.0,73.3,4,459
204031071,56,46,82.1,45,80.4,39,69.6,Myrtleford,43.4,Regional,56,45,80.4,33.7,43.4,48.2,4,829
204031072,49,45,91.8,44,89.8,40,81.6,Towong,35.7,Regional,49,44,89.8,21.4,35.7,52.4,4,774
204031073,19,17,89.5,16,84.2,15,78.9,West Wodonga,83.3,Regional,19,16,84.2,72.2,83.3,94.4,3,118
204031075,23,19,82.6,19,82.6,19,82.6,Yackandandah,42.9,Regional,23,19,82.6,14.3,42.9,57.1,7,575
204031491,12,10,83.3,10,83.3,9,75.0,Baranduda - Leneva,33.3,Regional,12,10,83.3,25.0,33.3,41.7,7,977
204031492,67,59,88.1,59,88.1,51,76.1,Wodonga,84.7,Regional,67,59,88.1,54.2,84.7,100.0,2,180
205011076,45,38,84.4,38,84.4,37,82.2,Drouin,64.0,Regional,45,38,84.4,46.0,64.0,70.0,4,235
205011077,45,40,88.9,38,84.4,37,82.2,Mount Baw Baw Region,0.0,Regional,45,38,84.4,0.0,0.0,0.0,5,25418
205011078,35,32,91.4,32,91.4,25,71.4,Trafalgar (Vic.),61.1,Regional,35,32,91.4,36.1,61.1,66.7,4,311
205011079,78,64,82.1,63,80.8,57,73.1,Warragul,76.2,Regional,78,63,80.8,59.5,76.2,82.1,5,172
205021081,63,58,92.1,57,90.5,55,87.3,Bairnsdale,74.3,Regional,63,57,90.5,35.1,74.3,95.9,2,263
205021082,54,51,94.4,51,94.4,50,92.6,Bruthen - Omeo,31.6,Regional,54,51,94.4,17.5,31.6,42.1,4,1812
205021084,67,56,83.6,55,82.1,48,71.6,Lakes Entrance,60.3,Regional,67,55,82.1,45.2,60.3,74.0,2,211
205021085,45,38,84.4,36,80.0,34,75.6,Orbost,64.3,Regional,45,36,80.0,46.4,64.3,78.6,2,228
205021086,23,17,73.9,17,73.9,16,69.6,Paynesville,50.0,Regional,23,17,73.9,46.4,50.0,82.1,3,370
205031087,75,67,89.3,66,88.0,59,78.7,Foster,32.4,Regional,75,66,88.0,20.3,32.4,37.8,4,4205
205031089,45,41,91.1,41,91.1,38,84.4,Korumburra,63.6,Regional,45,41,91.1,50.9,63.6,72.7,4,196
205031090,51,45,88.2,43,84.3,40,78.4,Leongatha,55.0,Regional,51,43,84.3,28.3,55.0,71.7,4,358
205031091,117,102,87.2,101,86.3,90,76.9,Phillip Island,48.4,Regional,117,101,86.3,22.6,48.4,77.4,4,401
205031093,111,95,85.6,94,84.7,90,81.1,Wonthaggi - Inverloch,64.3,Regional,111,94,84.7,34.3,64.3,75.5,4,263
205041094,21,18,85.7,18,85.7,18,85.7,Churchill,50.0,Regional,21,18,85.7,36.4,50.0,86.4,3,394
205041095,45,41,91.1,41,91.1,40,88.9,Moe - Newborough,86.0,Regional,45,41,91.1,76.7,86.0,93.0,1,141
205041096,49,45,91.8,45,91.8,41,83.7,Morwell,81.1,Regional,49,45,91.8,45.3,81.1,88.7,1,232
205041098,16,16,100.0,16,100.0,15,93.8,Yallourn North - Glengarry,60.0,Regional,16,16,100.0,40.0,60.0,80.0,3,253
205041493,74,68,91.9,69,93.2,65,87.8,Traralgon - East,98.0,Regional,74,69,93.2,57.0,98.0,98.0,3,180
205041494,22,17,77.3,17,77.3,17,77.3,Traralgon - West,88.9,Regional,22,17,77.3,44.4,88.9,100.0,5,211
205051100,24,22,91.7,22,91.7,20,83.3,Longford - Loch Sport,50.0,Regional,24,22,91.7,35.0,50.0,70.0,3,351
205051101,54,50,92.6,49,90.7,49,90.7,Maffra,45.3,Regional,54,49,90.7,29.7,45.3,67.2,3,444
205051102,20,18,90.0,18,90.0,17,85.0,Rosedale,59.1,Regional,20,18,90.0,18.2,59.1,68.2,4,326
205051103,64,55,85.9,55,85.9,52,81.2,Sale,83.9,Regional,64,55,85.9,50.0,83.9,93.5,3,198
205051104,35,29,82.9,29,82.9,29,82.9,Yarram,50.6,Regional,35,29,82.9,23.4,50.6,55.8,2,367
206011106,77,66,85.7,67,87.0,61,79.2,Brunswick East,100.0,Metro,77,67,87.0,83.1,100.0,100.0,10,121
206011107,38,29,76.3,29,76.3,24,63.2,Brunswick West,100.0,Metro,38,29,76.3,89.5,100.0,100.0,8,49
206011109,18,15,83.3,15,83.3,14,77.8,Pascoe Vale South,90.9,Metro,18,15,83.3,59.1,90.9,100.0,9,60
206011495,83,68,81.9,66,79.5,60,72.3,Brunswick - North,100.0,Metro,83,66,79.5,97.3,100.0,100.0,9,72
206011496,148,124,83.8,124,83.8,112,75.7,Brunswick - South,100.0,Metro,148,124,83.8,93.5,100.0,100.0,10,95
206011497,71,55,77.5,54,76.1,50,70.4,Coburg - East,100.0,Metro,71,54,76.1,91.2,100.0,100.0,8,85
206011498,15,10,66.7,9,60.0,8,53.3,Coburg - West,93.3,Metro,15,9,60.0,80.0,93.3,100.0,8,62
206021110,50,37,74.0,37,74.0,36,72.0,Alphington - Fairfield,100.0,Metro,50,37,74.0,98.2,100.0,100.0,9,67
206021112,93,79,84.9,77,82.8,68,73.1,Thornbury,95.5,Metro,93,77,82.8,89.9,95.5,100.0,9,65
206021499,115,102,88.7,98,85.2,88,76.5,Northcote - East,100.0,Metro,115,98,85.2,91.5,100.0,100.0,10,59
206021500,40,31,77.5,32,80.0,30,75.0,Northcote - West,100.0,Metro,40,32,80.0,97.4,100.0,100.0,10,57
206031113,60,50,83.3,47,78.3,42,70.0,Ascot Vale,89.7,Metro,60,47,78.3,87.2,89.7,100.0,8,86
206031115,27,21,77.8,21,77.8,18,66.7,Flemington,100.0,Metro,27,21,77.8,90.5,100.0,100.0,6,63
206031116,115,99,86.1,97,84.3,87,75.7,Moonee Ponds,100.0,Metro,115,97,84.3,68.5,100.0,100.0,9,152
206031501,49,46,93.9,44,89.8,41,83.7,Essendon (West) - Aberfeldie,90.2,Metro,49,44,89.8,70.6,90.2,100.0,9,83
206031502,59,51,86.4,51,86.4,45,76.3,Essendon - East,100.0,Metro,59,51,86.4,98.2,100.0,100.0,9,74
206041117,201,167,83.1,165,82.1,149,74.1,Carlton,100.0,Metro,201,165,82.1,93.2,100.0,100.0,8,90
206041118,207,159,76.8,158,76.3,142,68.6,Docklands,97.8,Metro,207,158,76.3,77.5,99.5,100.0,9,124
206041119,71,61,85.9,59,83.1,55,77.5,East Melbourne,98.5,Metro,71,59,83.1,78.8,98.5,100.0,10,124
206041120,10,10,100.0,10,100.0,10,100.0,Flemington Racecourse,100.0,Metro,10,10,100.0,90.9,100.0,100.0,10,106
206041121,54,36,66.7,33,61.1,30,55.6,Kensington (Vic.),86.7,Metro,54,33,61.1,71.1,86.7,100.0,9,94
206041124,39,33,84.6,33,84.6,32,82.1,Parkville,76.9,Metro,39,33,84.6,43.6,76.9,100.0,9,262
206041125,45,36,80.0,35,77.8,30,66.7,South Yarra - West,97.1,Metro,45,35,77.8,91.4,97.1,100.0,10,107
206041503,645,526,81.6,520,80.6,481,74.6,Melbourne CBD - East,100.0,Metro,645,520,80.6,97.9,100.0,100.0,9,92
206041504,227,186,81.9,181,79.7,159,70.0,Melbourne CBD - North,100.0,Metro,227,181,79.7,92.4,100.0,100.0,8,82
206041505,463,360,77.8,356,76.9,322,69.5,Melbourne CBD - West,100.0,Metro,463,356,76.9,97.8,100.0,100.0,8,90
206041506,99,84,84.8,81,81.8,73,73.7,North Melbourne,100.0,Metro,99,81,81.8,90.2,100.0,100.0,8,95
206041507,7,7,100.0,7,100.0,7,100.0,Royal Botanic Gardens Victoria,66.7,Metro,7,7,100.0,11.1,66.7,100.0,,357
206041508,117,102,87.2,101,86.3,95,81.2,Southbank (West) - South Wharf,90.8,Metro,117,101,86.3,50.7,90.8,100.0,10,199
206041509,54,45,83.3,44,81.5,40,74.1,Southbank - East,100.0,Metro,54,44,81.5,62.8,100.0,100.0,9,130
206041510,56,44,78.6,44,78.6,42,75.0,West Melbourne - Residential,100.0,Metro,56,44,78.6,96.4,100.0,100.0,9,81
206051128,143,109,76.2,109,76.2,101,70.6,Albert Park,94.8,Metro,143,109,76.2,78.3,94.8,100.0,10,111
206051129,63,48,76.2,46,73.0,41,65.1,Elwood,89.5,Metro,63,46,73.0,66.7,89.5,100.0,10,123
206051130,90,72,80.0,72,80.0,64,71.1,Port Melbourne,100.0,Metro,90,72,80.0,72.0,100.0,100.0,9,139
206051134,85,63,74.1,62,72.9,58,68.2,St Kilda East,100.0,Metro,85,62,72.9,93.5,100.0,100.0,9,74
206051511,70,40,57.1,40,57.1,34,48.6,Port Melbourne Industrial,78.0,Metro,70,40,57.1,33.9,78.0,100.0,10,281
206051512,180,135,75.0,134,74.4,115,63.9,South Melbourne,98.7,Metro,180,134,74.4,83.6,98.7,100.0,9,124
206051513,56,39,69.6,39,69.6,35,62.5,St Kilda - Central,100.0,Metro,56,39,69.6,95.5,100.0,100.0,9,71
206051514,217,178,82.0,176,81.1,153,70.5,St Kilda - West,97.7,Metro,217,176,81.1,93.8,97.7,100.0,9,80
206061135,87,69,79.3,69,79.3,58,66.7,Armadale,100.0,Metro,87,69,79.3,100.0,100.0,100.0,10,46
206061136,283,227,80.2,225,79.5,201,71.0,Prahran - Windsor,100.0,Metro,283,225,79.5,95.5,100.0,100.0,10,79
206061138,62,43,69.4,43,69.4,34,54.8,Toorak,95.0,Metro,62,43,69.4,85.0,95.0,100.0,10,67
206061515,92,68,73.9,68,73.9,59,64.1,South Yarra - North,100.0,Metro,92,68,73.9,85.0,100.0,100.0,10,122
206061516,153,120,78.4,116,75.8,94,61.4,South Yarra - South,100.0,Metro,153,116,75.8,95.7,100.0,100.0,9,84
206071139,103,74,71.8,74,71.8,64,62.1,Abbotsford,93.1,Metro,103,74,71.8,74.7,93.1,100.0,10,100
206071140,68,56,82.4,57,83.8,50,73.5,Carlton North - Princes Hill,98.2,Metro,68,57,83.8,92.7,98.2,100.0,10,83
206071141,147,123,83.7,121,82.3,114,77.6,Collingwood,93.1,Metro,147,121,82.3,71.0,93.1,100.0,7,130
206071142,260,218,83.8,213,81.9,195,75.0,Fitzroy,100.0,Metro,260,213,81.9,95.8,100.0,100.0,8,85
206071143,85,61,71.8,60,70.6,56,65.9,Fitzroy North,100.0,Metro,85,60,70.6,95.6,100.0,100.0,10,58
206071145,42,36,85.7,36,85.7,33,78.6,Clifton Hill - Alphington,73.0,Metro,42,36,85.7,43.2,73.0,91.9,10,239
206071517,239,185,77.4,184,77.0,169,70.7,Richmond (South) - Cremorne,96.9,Metro,239,184,77.0,88.4,96.9,100.0,10,84
206071518,97,76,78.4,76,78.4,59,60.8,Richmond - North,88.9,Metro,97,76,78.4,80.2,88.9,100.0,8,108
207011146,22,18,81.8,18,81.8,18,81.8,Ashburton (Vic.),96.0,Metro,22,18,81.8,84.0,96.0,100.0,10,97
207011147,51,48,94.1,46,90.2,42,82.4,Balwyn,98.1,Metro,51,46,90.2,88.5,98.1,100.0,9,95
207011148,59,49,83.1,49,83.1,44,74.6,Balwyn North,93.3,Metro,59,49,83.1,77.8,93.3,100.0,10,73
207011149,82,66,80.5,64,78.0,56,68.3,Camberwell,92.3,Metro,82,64,78.0,82.1,92.3,100.0,10,78
207011150,60,43,71.7,43,71.7,38,63.3,Glen Iris - East,92.7,Metro,60,43,71.7,68.3,92.7,100.0,10,97
207011152,101,79,78.2,79,78.2,76,75.2,Hawthorn East,94.5,Metro,101,79,78.2,74.7,94.5,100.0,10,103
207011154,27,23,85.2,23,85.2,19,70.4,Kew East,82.6,Metro,27,23,85.2,78.3,82.6,100.0,10,88
207011155,42,35,83.3,34,81.0,31,73.8,Surrey Hills (West) - Canterbury,91.7,Metro,42,34,81.0,80.6,91.7,100.0,10,103
207011519,70,54,77.1,54,77.1,48,68.6,Hawthorn - North,94.6,Metro,70,54,77.1,89.3,94.6,100.0,10,67
207011520,80,57,71.2,57,71.2,51,63.7,Hawthorn - South,94.7,Metro,80,57,71.2,80.0,94.7,100.0,10,70
207011521,49,41,83.7,41,83.7,38,77.6,Kew - South,97.8,Metro,49,41,83.7,86.7,97.8,100.0,10,82
207011522,45,32,71.1,32,71.1,26,57.8,Kew - West,97.4,Metro,45,32,71.1,87.2,97.4,100.0,10,104
207021156,27,21,77.8,20,74.1,20,74.1,Bulleen,68.2,Metro,27,20,74.1,36.4,68.2,90.9,8,245
207021157,68,60,88.2,59,86.8,53,77.9,Doncaster,98.2,Metro,68,59,86.8,73.2,98.2,100.0,8,139
207021159,34,28,82.4,27,79.4,27,79.4,Templestowe,90.3,Metro,34,27,79.4,77.4,90.3,100.0,9,80
207021160,25,20,80.0,20,80.0,17,68.0,Templestowe Lower,81.8,Metro,25,20,80.0,72.7,81.8,100.0,8,166
207021424,30,27,90.0,27,90.0,23,76.7,Doncaster East - North,96.4,Metro,30,27,90.0,85.7,96.4,100.0,9,86
207021425,55,48,87.3,48,87.3,43,78.2,Doncaster East - South,100.0,Metro,55,48,87.3,87.8,100.0,100.0,8,130
207031161,43,37,86.0,36,83.7,32,74.4,Blackburn,95.7,Metro,43,36,83.7,84.8,95.7,100.0,9,125
207031162,13,13,100.0,13,100.0,11,84.6,Blackburn South,92.3,Metro,13,13,100.0,92.3,92.3,100.0,8,93
207031163,118,106,89.8,104,88.1,88,74.6,Box Hill,99.1,Metro,118,104,88.1,95.6,99.1,100.0,7,76
207031164,17,14,82.4,14,82.4,11,64.7,Box Hill North,92.9,Metro,17,14,82.4,78.6,92.9,100.0,9,83
207031165,26,23,88.5,23,88.5,21,80.8,Burwood (Vic.),95.7,Metro,26,23,88.5,87.0,95.7,100.0,8,62
207031166,41,35,85.4,35,85.4,33,80.5,Burwood East,91.1,Metro,41,35,85.4,80.0,91.1,100.0,8,91
207031167,15,11,73.3,11,73.3,10,66.7,Surrey Hills (East) - Mont Albert,84.6,Metro,15,11,73.3,53.8,84.6,100.0,10,148
208011168,51,45,88.2,44,86.3,40,78.4,Beaumaris,97.7,Metro,51,44,86.3,88.4,97.7,100.0,10,110
208011169,150,120,80.0,119,79.3,111,74.0,Brighton (Vic.),97.4,Metro,150,119,79.3,82.6,97.4,100.0,10,82
208011170,31,23,74.2,22,71.0,20,64.5,Brighton East,77.8,Metro,31,22,71.0,55.6,77.8,100.0,10,169
208011171,50,38,76.0,37,74.0,32,64.0,Highett (West) - Cheltenham,79.5,Metro,50,37,74.0,75.0,79.5,95.5,9,116
208011172,77,63,81.8,62,80.5,56,72.7,Hampton,98.6,Metro,77,62,80.5,84.9,98.6,100.0,10,91
208011173,88,73,83.0,72,81.8,63,71.6,Sandringham - Black Rock,87.3,Metro,88,72,81.8,75.9,87.3,98.7,10,127
208021174,85,71,83.5,71,83.5,59,69.4,Bentleigh - McKinnon,100.0,Metro,85,71,83.5,92.6,100.0,100.0,9,88
208021176,88,80,90.9,80,90.9,71,80.7,Carnegie,91.2,Metro,88,80,90.9,88.8,91.2,100.0,9,99
208021177,50,38,76.0,36,72.0,31,62.0,Caulfield - North,100.0,Metro,50,36,72.0,88.4,100.0,100.0,10,94
208021178,39,27,69.2,27,69.2,23,59.0,Caulfield - South,100.0,Metro,39,27,69.2,78.1,100.0,100.0,10,88
208021179,90,76,84.4,72,80.0,62,68.9,Elsternwick,98.7,Metro,90,72,80.0,96.2,98.7,100.0,10,54
208021180,9,5,55.6,5,55.6,5,55.6,Hughesdale,90.9,Metro,9,5,55.6,90.9,90.9,100.0,8,93
208021181,19,14,73.7,14,73.7,13,68.4,Murrumbeena,94.1,Metro,19,14,73.7,82.4,94.1,100.0,9,89
208021182,48,37,77.1,36,75.0,31,64.6,Ormond - Glen Huntly,91.1,Metro,48,36,75.0,84.4,91.1,100.0,9,52
208021426,42,35,83.3,35,83.3,29,69.0,Bentleigh East - North,100.0,Metro,42,35,83.3,91.4,100.0,100.0,9,75
208021427,25,20,80.0,19,76.0,18,72.0,Bentleigh East - South,95.2,Metro,25,19,76.0,76.2,95.2,100.0,9,84
208031184,27,19,70.4,18,66.7,18,66.7,Braeside,82.8,Metro,27,18,66.7,48.3,82.8,96.6,,227
208031185,36,31,86.1,31,86.1,31,86.1,Carrum - Patterson Lakes,100.0,Metro,36,31,86.1,74.3,100.0,100.0,7,95
208031186,41,37,90.2,37,90.2,33,80.5,Chelsea - Bonbeach,80.6,Metro,41,37,90.2,55.6,80.6,91.7,7,161
208031187,9,7,77.8,7,77.8,7,77.8,Chelsea Heights,100.0,Metro,9,7,77.8,100.0,100.0,100.0,7,108
208031188,108,87,80.6,87,80.6,76,70.4,Highett (East) - Cheltenham ,95.2,Metro,108,87,80.6,72.1,95.2,99.0,8,163
208031189,33,26,78.8,26,78.8,23,69.7,Edithvale - Aspendale,88.0,Metro,33,26,78.8,64.0,88.0,100.0,9,119
208031190,38,32,84.2,32,84.2,32,84.2,Mentone,92.3,Metro,38,32,84.2,76.9,92.3,100.0,8,116
208031191,59,43,72.9,43,72.9,41,69.5,Moorabbin - Heatherton,72.7,Metro,59,43,72.9,57.1,72.7,98.7,8,143
208031192,10,10,100.0,10,100.0,8,80.0,Moorabbin Airport,75.0,Metro,10,10,100.0,75.0,75.0,100.0,,162
208031193,86,72,83.7,67,77.9,63,73.3,Mordialloc - Parkdale,92.6,Metro,86,67,77.9,79.0,92.6,100.0,9,117
208041194,86,62,72.1,62,72.1,54,62.8,Malvern - Glen Iris,98.8,Metro,86,62,72.1,92.5,98.8,100.0,10,81
208041195,109,86,78.9,84,77.1,71,65.1,Malvern East,100.0,Metro,109,84,77.1,55.5,100.0,100.0,10,180
209011196,24,19,79.2,18,75.0,16,66.7,Bundoora - East,95.2,Metro,24,18,75.0,71.4,95.2,100.0,6,85
209011197,56,46,82.1,46,82.1,46,82.1,Greensborough,88.2,Metro,56,46,82.1,74.5,88.2,100.0,8,85
209011198,58,51,87.9,51,87.9,46,79.3,Heidelberg - Rosanna,87.8,Metro,58,51,87.9,77.6,87.8,95.9,9,132
209011199,27,20,74.1,20,74.1,17,63.0,Heidelberg West,73.1,Metro,27,20,74.1,61.5,73.1,100.0,5,127
209011200,55,44,80.0,43,78.2,39,70.9,Ivanhoe,93.6,Metro,55,43,78.2,74.5,93.6,97.9,10,112
209011201,18,13,72.2,13,72.2,11,61.1,Ivanhoe East - Eaglemont,93.8,Metro,18,13,72.2,68.8,93.8,100.0,10,161
209011202,41,36,87.8,36,87.8,28,68.3,Montmorency - Briar Hill,84.8,Metro,41,36,87.8,66.7,84.8,84.8,8,122
209011203,18,17,94.4,15,83.3,14,77.8,Viewbank - Yallambie,92.9,Metro,18,15,83.3,78.6,92.9,100.0,8,150
209011204,16,13,81.2,11,68.8,9,56.2,Watsonia,100.0,Metro,16,11,68.8,100.0,100.0,100.0,7,115
209021205,37,28,75.7,28,75.7,27,73.0,Kingsbury,82.4,Metro,37,28,75.7,64.7,82.4,97.1,7,118
209021428,145,118,81.4,117,80.7,104,71.7,Preston - East,98.5,Metro,145,117,80.7,87.1,98.5,100.0,7,103
209021429,24,19,79.2,19,79.2,15,62.5,Preston - West,93.8,Metro,24,19,79.2,75.0,93.8,100.0,8,51
209021523,21,16,76.2,16,76.2,14,66.7,Reservoir - North East,83.3,Metro,21,16,76.2,44.4,83.3,100.0,5,269
209021524,7,7,100.0,7,100.0,7,100.0,Reservoir - North West,100.0,Metro,7,7,100.0,75.0,100.0,100.0,4,82
209021525,36,27,75.0,27,75.0,22,61.1,Reservoir - South East,97.1,Metro,36,27,75.0,85.7,97.1,100.0,5,47
209021526,39,29,74.4,29,74.4,24,61.5,Reservoir - South West,96.6,Metro,39,29,74.4,89.7,96.6,100.0,6,80
209031209,57,47,82.5,47,82.5,44,77.2,Eltham,94.5,Metro,57,47,82.5,72.7,94.5,100.0,9,154
209031210,16,14,87.5,14,87.5,14,87.5,Hurstbridge,80.0,Metro,16,14,87.5,40.0,80.0,80.0,8,234
209031211,13,10,76.9,10,76.9,9,69.2,Kinglake,40.0,Regional,13,10,76.9,33.3,40.0,46.7,6,1898
209031212,20,19,95.0,18,90.0,17,85.0,Panton Hill - St Andrews,0.0,Metro,20,18,90.0,0.0,0.0,0.0,9,8828
209031213,25,19,76.0,19,76.0,19,76.0,Plenty - Yarrambat,81.0,Metro,25,19,76.0,47.6,81.0,95.2,9,257
209031214,19,16,84.2,16,84.2,16,84.2,Research - North Warrandyte,57.1,Metro,19,16,84.2,33.3,57.1,66.7,10,237
209031215,23,21,91.3,21,91.3,21,91.3,Wattle Glen - Diamond Creek,90.5,Metro,23,21,91.3,61.9,90.5,100.0,8,177
209041216,17,17,100.0,17,100.0,15,88.2,Bundoora - North,100.0,Metro,17,17,100.0,83.3,100.0,100.0,7,93
209041217,12,11,91.7,11,91.7,10,83.3,Bundoora - West,100.0,Metro,12,11,91.7,69.2,100.0,100.0,5,154
209041220,51,42,82.4,42,82.4,39,76.5,Mill Park - North,100.0,Metro,51,42,82.4,80.9,100.0,100.0,5,141
209041221,7,5,71.4,5,71.4,4,57.1,Mill Park - South,100.0,Metro,7,5,71.4,66.7,100.0,100.0,5,178
209041223,54,37,68.5,36,66.7,32,59.3,Thomastown,75.0,Metro,54,36,66.7,52.5,75.0,100.0,2,187
209041224,24,21,87.5,21,87.5,20,83.3,Wallan,74.2,Regional,24,21,87.5,41.9,74.2,83.9,5,209
209041225,24,23,95.8,22,91.7,19,79.2,Whittlesea,79.2,Metro,24,22,91.7,75.0,79.2,95.8,6,86
209041432,53,47,88.7,45,84.9,42,79.2,Epping - South,87.5,Metro,53,45,84.9,58.9,87.5,96.4,2,169
209041433,29,26,89.7,26,89.7,20,69.0,Epping (Vic.) - West,87.0,Metro,29,26,89.7,60.9,87.0,91.3,5,179
209041435,5,5,100.0,5,100.0,5,100.0,South Morang - North,100.0,Metro,5,5,100.0,83.3,100.0,100.0,7,137
209041436,15,14,93.3,14,93.3,14,93.3,South Morang - South,85.7,Metro,15,14,93.3,85.7,85.7,100.0,6,119
209041437,5,5,100.0,5,100.0,3,60.0,Wollert,57.1,Metro,5,5,100.0,42.9,57.1,100.0,6,225
209041527,13,11,84.6,11,84.6,10,76.9,Doreen - North,100.0,Metro,13,11,84.6,84.6,100.0,100.0,7,112
209041528,6,3,50.0,2,33.3,2,33.3,Doreen - South,100.0,Metro,6,2,33.3,100.0,100.0,100.0,7,47
209041529,18,14,77.8,14,77.8,13,72.2,Lalor - East,100.0,Metro,18,14,77.8,68.8,100.0,100.0,2,149
209041530,9,5,55.6,5,55.6,5,55.6,Lalor - West,62.5,Metro,9,5,55.6,62.5,62.5,100.0,3,123
209041531,7,5,71.4,5,71.4,5,71.4,Mernda - North,100.0,Metro,7,5,71.4,83.3,100.0,100.0,6,60
209041532,6,5,83.3,5,83.3,4,66.7,Mernda - South,87.5,Metro,6,5,83.3,75.0,87.5,100.0,6,135
210011226,20,17,85.0,17,85.0,17,85.0,Airport West,95.2,Metro,20,17,85.0,61.9,95.2,100.0,6,164
210011227,8,8,100.0,8,100.0,7,87.5,Essendon Airport,87.5,Metro,8,8,100.0,37.5,87.5,100.0,,206
210011228,44,35,79.5,34,77.3,29,65.9,Keilor,51.3,Metro,44,34,77.3,23.1,51.3,84.6,7,390
210011230,28,24,85.7,24,85.7,21,75.0,Niddrie - Essendon West,100.0,Metro,28,24,85.7,97.0,100.0,100.0,8,58
210011231,25,23,92.0,23,92.0,23,92.0,Strathmore,100.0,Metro,25,23,92.0,68.0,100.0,100.0,9,177
210011533,13,11,84.6,11,84.6,10,76.9,Avondale Heights,100.0,Metro,13,11,84.6,100.0,100.0,100.0,6,114
210011534,25,18,72.0,18,72.0,17,68.0,Keilor East,80.0,Metro,25,18,72.0,52.0,80.0,100.0,7,184
210021232,43,39,90.7,39,90.7,39,90.7,Gisborne,70.0,Regional,43,39,90.7,52.0,70.0,78.0,8,196
210021233,28,22,78.6,21,75.0,19,67.9,Macedon,20.0,Regional,28,21,75.0,4.0,20.0,20.0,9,2991
210021234,11,11,100.0,11,100.0,10,90.9,Riddells Creek,73.7,Regional,11,11,100.0,42.1,73.7,89.5,8,219
210021235,50,42,84.0,42,84.0,39,78.0,Romsey,44.9,Regional,50,42,84.0,21.7,44.9,52.2,6,615
210031236,27,20,74.1,20,74.1,17,63.0,Coburg North,86.2,Metro,27,20,74.1,58.6,86.2,100.0,7,154
210031237,21,15,71.4,15,71.4,14,66.7,Fawkner,93.8,Metro,21,15,71.4,62.5,93.8,100.0,4,129
210031440,9,9,100.0,9,100.0,9,100.0,Hadfield,88.9,Metro,9,9,100.0,44.4,88.9,100.0,5,205
210031535,18,15,83.3,15,83.3,14,77.8,Glenroy - East,100.0,Metro,18,15,83.3,72.2,100.0,100.0,4,146
210031536,7,7,100.0,7,100.0,7,100.0,Glenroy - West,100.0,Metro,7,7,100.0,100.0,100.0,100.0,6,113
210031537,12,11,91.7,11,91.7,11,91.7,Oak Park,93.3,Metro,12,11,91.7,60.0,93.3,100.0,8,145
210031538,31,24,77.4,24,77.4,20,64.5,Pascoe Vale,96.7,Metro,31,24,77.4,80.0,96.7,100.0,8,74
210041240,10,9,90.0,8,80.0,7,70.0,Sunbury,85.7,Metro,10,8,80.0,85.7,85.7,100.0,6,163
210041539,6,6,100.0,6,100.0,6,100.0,Diggers Rest,88.9,Regional,6,6,100.0,44.4,88.9,88.9,6,235
210041540,71,61,85.9,61,85.9,55,77.5,Sunbury - South,90.5,Metro,71,61,85.9,41.1,90.5,96.8,5,224
210041541,9,8,88.9,8,88.9,8,88.9,Sunbury - West,50.0,Metro,9,8,88.9,25.0,50.0,50.0,6,2969
210051242,24,19,79.2,17,70.8,17,70.8,Broadmeadows,85.0,Metro,24,17,70.8,70.0,85.0,95.0,1,137
210051243,39,29,74.4,28,71.8,26,66.7,Campbellfield - Coolaroo,69.7,Metro,39,28,71.8,36.4,69.7,87.9,1,230
210051245,27,25,92.6,25,92.6,21,77.8,Gladstone Park - Westmeadows,88.0,Metro,27,25,92.6,60.0,88.0,100.0,4,163
210051246,13,9,69.2,9,69.2,8,61.5,Greenvale - Bulla,46.2,Metro,13,9,69.2,38.5,46.2,61.5,7,422
210051248,58,50,86.2,48,82.8,47,81.0,Melbourne Airport,77.8,Metro,58,48,82.8,66.7,77.8,93.7,8,137
210051250,17,14,82.4,14,82.4,13,76.5,Tullamarine,69.2,Metro,17,14,82.4,46.2,69.2,100.0,4,203
210051441,14,12,85.7,12,85.7,11,78.6,Craigieburn - Central,69.2,Metro,14,12,85.7,61.5,69.2,100.0,2,136
210051442,12,10,83.3,10,83.3,10,83.3,Craigieburn - North,100.0,Metro,12,10,83.3,50.0,100.0,100.0,4,165
210051443,14,12,85.7,12,85.7,11,78.6,Craigieburn - South,71.4,Metro,14,12,85.7,57.1,71.4,85.7,4,157
210051445,8,6,75.0,6,75.0,5,62.5,Mickleham - Yuroke,75.0,Metro,8,6,75.0,25.0,75.0,83.3,6,279
210051543,22,20,90.9,20,90.9,16,72.7,Craigieburn - West,100.0,Metro,22,20,90.9,76.2,100.0,100.0,4,134
210051544,12,10,83.3,10,83.3,7,58.3,Roxburgh Park (South) - Somerton,90.9,Metro,12,10,83.3,72.7,90.9,90.9,2,96
211011251,49,42,85.7,41,83.7,39,79.6,Bayswater,87.5,Metro,49,41,83.7,39.6,87.5,100.0,5,234
211011254,43,36,83.7,36,83.7,31,72.1,Knoxfield - Scoresby,70.3,Metro,43,36,83.7,45.9,70.3,91.9,7,216
211011256,19,17,89.5,17,89.5,17,89.5,Rowville - Central,100.0,Metro,19,17,89.5,71.4,100.0,100.0,7,168
211011257,8,7,87.5,7,87.5,7,87.5,Rowville - North,60.0,Metro,8,7,87.5,0.0,60.0,90.0,8,317
211011258,16,16,100.0,16,100.0,15,93.8,Rowville - South,92.9,Metro,16,16,100.0,78.6,92.9,100.0,8,126
211011259,26,26,100.0,25,96.2,24,92.3,Wantirna,92.9,Metro,26,25,96.2,64.3,92.9,92.9,7,114
211011260,74,62,83.8,62,83.8,57,77.0,Wantirna South,89.6,Metro,74,62,83.8,61.0,89.6,100.0,8,149
211011446,52,43,82.7,43,82.7,39,75.0,Boronia,98.0,Metro,52,43,82.7,73.5,98.0,100.0,5,131
211011447,24,20,83.3,20,83.3,18,75.0,Ferntree Gully - North,100.0,Metro,24,20,83.3,95.5,100.0,100.0,5,100
211011448,42,40,95.2,40,95.2,38,90.5,Ferntree Gully (South) - Upper Ferntree Gully,97.7,Metro,42,40,95.2,69.8,97.7,100.0,6,114
211011449,9,9,100.0,9,100.0,9,100.0,The Basin,72.7,Metro,9,9,100.0,63.6,72.7,81.8,7,198
211021261,19,17,89.5,17,89.5,16,84.2,Donvale - Park Orchards,73.7,Metro,19,17,89.5,31.6,73.7,94.7,9,258
211021262,45,39,86.7,38,84.4,35,77.8,Warrandyte - Wonga Park,81.6,Metro,45,38,84.4,63.2,81.6,92.1,9,115
211031263,15,9,60.0,9,60.0,8,53.3,Bayswater North,58.3,Metro,15,9,60.0,33.3,58.3,83.3,6,322
211031265,16,11,68.8,11,68.8,10,62.5,Croydon Hills - Warranwood,92.9,Metro,16,11,68.8,50.0,92.9,100.0,9,195
211031266,92,78,84.8,78,84.8,69,75.0,Ringwood,90.2,Metro,92,78,84.8,78.0,90.2,100.0,7,93
211031267,54,42,77.8,42,77.8,40,74.1,Ringwood East,81.2,Metro,54,42,77.8,56.2,81.2,87.5,8,183
211031268,18,16,88.9,16,88.9,14,77.8,Ringwood North,100.0,Metro,18,16,88.9,50.0,100.0,100.0,9,181
211031450,54,44,81.5,45,83.3,42,77.8,Croydon - East,93.9,Metro,54,45,83.3,77.6,93.9,100.0,5,119
211031451,32,29,90.6,29,90.6,23,71.9,Croydon - West,88.9,Metro,32,29,90.6,77.8,88.9,100.0,7,113
211031452,13,10,76.9,8,61.5,7,53.8,Croydon South,91.7,Metro,13,8,61.5,75.0,91.7,100.0,7,98
211041269,35,32,91.4,31,88.6,25,71.4,Forest Hill,100.0,Metro,35,31,88.6,89.3,100.0,100.0,7,144
211041270,42,35,83.3,35,83.3,33,78.6,Mitcham (Vic.),95.0,Metro,42,35,83.3,82.5,95.0,100.0,9,91
211041271,26,21,80.8,20,76.9,20,76.9,Nunawading,91.7,Metro,26,20,76.9,66.7,91.7,100.0,8,114
211041272,13,11,84.6,11,84.6,10,76.9,Vermont,100.0,Metro,13,11,84.6,78.6,100.0,100.0,8,100
211041273,18,16,88.9,16,88.9,13,72.2,Vermont South,60.0,Metro,18,16,88.9,60.0,60.0,93.3,8,95
211051274,43,34,79.1,34,79.1,31,72.1,Belgrave - Selby,87.8,Metro,43,34,79.1,73.2,87.8,90.2,8,108
211051275,40,33,82.5,32,80.0,27,67.5,Chirnside Park,45.5,Metro,40,32,80.0,30.3,45.5,54.5,7,449
211051276,168,123,73.2,122,72.6,113,67.3,Healesville - Yarra Glen,42.7,Metro,168,122,72.6,28.0,42.7,56.1,5,529
211051277,9,7,77.8,7,77.8,5,55.6,Kilsyth,100.0,Metro,9,7,77.8,100.0,100.0,100.0,5,100
211051278,116,98,84.5,94,81.0,88,75.9,Lilydale - Coldstream,50.0,Metro,116,94,81.0,28.7,50.0,54.9,6,411
211051279,31,28,90.3,27,87.1,25,80.6,Monbulk - Silvan,67.9,Metro,31,27,87.1,57.1,67.9,71.4,7,169
211051280,16,15,93.8,15,93.8,15,93.8,Montrose,93.3,Metro,16,15,93.8,66.7,93.3,100.0,7,93
211051281,24,18,75.0,18,75.0,18,75.0,Mooroolbark,63.2,Metro,24,18,75.0,42.1,63.2,68.4,6,234
211051282,65,55,84.6,54,83.1,53,81.5,Mount Dandenong - Olinda,85.0,Metro,65,54,83.1,66.7,85.0,96.7,9,131
211051283,15,15,100.0,15,100.0,15,100.0,Mount Evelyn,84.2,Metro,15,15,100.0,47.4,84.2,100.0,6,204
211051284,30,26,86.7,26,86.7,24,80.0,Upwey - Tecoma,93.1,Metro,30,26,86.7,79.3,93.1,100.0,8,91
211051285,56,44,78.6,43,76.8,38,67.9,Wandin - Seville,34.0,Metro,56,43,76.8,22.6,34.0,37.7,6,1545
211051286,62,52,83.9,49,79.0,46,74.2,Yarra Valley,60.7,Metro,62,49,79.0,50.0,60.7,71.4,4,210
212011289,59,51,86.4,50,84.7,49,83.1,Emerald - Cockatoo,55.4,Metro,59,50,84.7,42.9,55.4,64.3,7,265
212011546,38,30,78.9,29,76.3,28,73.7,Beaconsfield - Officer,70.5,Metro,38,29,76.3,36.4,70.5,86.4,7,270
212011547,29,27,93.1,27,93.1,25,86.2,Bunyip - Garfield,54.1,Metro,29,27,93.1,32.4,54.1,62.2,6,330
212011548,28,24,85.7,23,82.1,20,71.4,Koo Wee Rup,25.0,Metro,28,23,82.1,9.4,25.0,46.9,5,1540
212011550,8,8,100.0,8,100.0,8,100.0,Pakenham - North West,88.2,Metro,8,8,100.0,41.2,88.2,100.0,6,203
212011551,21,17,81.0,14,66.7,12,57.1,Pakenham - South East,84.2,Metro,21,14,66.7,63.2,84.2,94.7,2,144
212011552,40,31,77.5,31,77.5,30,75.0,Pakenham - South West,88.6,Metro,40,31,77.5,56.8,88.6,97.7,4,151
212021293,54,48,88.9,48,88.9,44,81.5,Berwick - North,81.1,Metro,54,48,88.9,66.0,81.1,94.3,7,130
212021295,17,16,94.1,16,94.1,13,76.5,Doveton,100.0,Metro,17,16,94.1,85.7,100.0,100.0,1,133
212021297,15,14,93.3,14,93.3,14,93.3,Hallam,78.6,Metro,15,14,93.3,64.3,78.6,85.7,2,163
212021299,11,8,72.7,8,72.7,8,72.7,Narre Warren North,22.2,Metro,11,8,72.7,0.0,22.2,44.4,8,860
212021453,11,8,72.7,8,72.7,7,63.6,Endeavour Hills - North,62.5,Metro,11,8,72.7,62.5,62.5,87.5,5,185
212021454,15,10,66.7,10,66.7,9,60.0,Endeavour Hills - South,90.9,Metro,15,10,66.7,63.6,90.9,100.0,5,154
212021456,47,44,93.6,44,93.6,36,76.6,Narre Warren - South West,88.6,Metro,47,44,93.6,56.8,88.6,100.0,3,175
212021553,10,7,70.0,7,70.0,7,70.0,Berwick - South East,100.0,Metro,10,7,70.0,88.9,100.0,100.0,8,150
212021554,8,7,87.5,7,87.5,7,87.5,Berwick - South West,77.8,Metro,8,7,87.5,77.8,77.8,100.0,7,147
212031300,41,37,90.2,36,87.8,29,70.7,Cranbourne,88.6,Metro,41,36,87.8,48.6,88.6,100.0,2,201
212031303,10,8,80.0,9,90.0,9,90.0,Cranbourne South,75.0,Metro,10,9,90.0,41.7,75.0,75.0,7,303
212031304,16,12,75.0,12,75.0,10,62.5,Cranbourne West,78.6,Metro,16,12,75.0,71.4,78.6,92.9,5,78
212031306,18,16,88.9,16,88.9,13,72.2,Lynbrook - Lyndhurst,80.0,Metro,18,16,88.9,46.7,80.0,100.0,7,207
212031308,22,19,86.4,19,86.4,18,81.8,Pearcedale - Tooradin,57.9,Metro,22,19,86.4,47.4,57.9,100.0,5,258
212031457,12,11,91.7,11,91.7,9,75.0,Narre Warren South - East,90.9,Metro,12,11,91.7,90.9,90.9,100.0,7,124
212031458,6,5,83.3,5,83.3,5,83.3,Narre Warren South - West,100.0,Metro,6,5,83.3,100.0,100.0,100.0,4,91
212031557,13,12,92.3,12,92.3,12,92.3,Cranbourne East - North,100.0,Metro,13,12,92.3,84.6,100.0,100.0,5,65
212031558,8,7,87.5,7,87.5,6,75.0,Cranbourne East - South,75.0,Metro,8,7,87.5,62.5,75.0,100.0,6,183
212031559,7,6,85.7,6,85.7,6,85.7,Cranbourne North - East,100.0,Metro,7,6,85.7,100.0,100.0,100.0,6,110
212031560,11,11,100.0,11,100.0,11,100.0,Cranbourne North - West,100.0,Metro,11,11,100.0,100.0,100.0,100.0,3,73
212031562,18,14,77.8,14,77.8,14,77.8,Hampton Park - West,100.0,Metro,18,14,77.8,93.3,100.0,100.0,2,110
212041309,11,9,81.8,9,81.8,8,72.7,Clarinda - Oakleigh South,77.8,Metro,11,9,81.8,66.7,77.8,100.0,5,90
212041310,22,16,72.7,16,72.7,14,63.6,Clayton South,72.2,Metro,22,16,72.7,55.6,72.2,94.4,5,175
212041312,14,10,71.4,10,71.4,10,71.4,Dandenong North,100.0,Metro,14,10,71.4,75.0,100.0,100.0,3,165
212041313,16,11,68.8,10,62.5,10,62.5,Dingley Village,92.3,Metro,16,10,62.5,69.2,92.3,92.3,8,75
212041316,10,8,80.0,8,80.0,7,70.0,Noble Park North,88.9,Metro,10,8,80.0,44.4,88.9,100.0,3,228
212041317,78,65,83.3,63,80.8,51,65.4,Springvale,85.9,Metro,78,63,80.8,67.9,85.9,97.4,2,157
212041318,10,10,100.0,10,100.0,10,100.0,Springvale South,86.7,Metro,10,10,100.0,80.0,86.7,100.0,1,129
212041459,20,19,95.0,19,95.0,14,70.0,Noble Park - East,85.7,Metro,20,19,95.0,57.1,85.7,100.0,2,131
212041460,13,10,76.9,10,76.9,9,69.2,Noble Park - West,100.0,Metro,13,10,76.9,77.8,100.0,100.0,1,83
212041563,66,59,89.4,58,87.9,47,71.2,Dandenong - North,91.8,Metro,66,58,87.9,57.4,91.8,100.0,1,176
212041564,43,31,72.1,30,69.8,29,67.4,Dandenong - South,55.0,Metro,43,30,69.8,25.0,55.0,77.5,1,360
212041565,23,18,78.3,18,78.3,17,73.9,Keysborough - North,90.0,Metro,23,18,78.3,85.0,90.0,100.0,2,107
212041566,22,19,86.4,19,86.4,18,81.8,Keysborough - South,54.5,Metro,22,19,86.4,50.0,54.5,59.1,8,204
212051319,39,30,76.9,30,76.9,25,64.1,Ashwood - Chadstone,91.2,Metro,39,30,76.9,76.5,91.2,100.0,8,115
212051321,17,14,82.4,14,82.4,10,58.8,Glen Waverley - East,100.0,Metro,17,14,82.4,69.2,100.0,100.0,9,110
212051322,123,107,87.0,104,84.6,97,78.9,Glen Waverley - West,97.5,Metro,123,104,84.6,80.5,97.5,100.0,8,152
212051323,28,22,78.6,22,78.6,20,71.4,Mount Waverley - North,65.0,Metro,28,22,78.6,50.0,65.0,100.0,9,165
212051324,44,30,68.2,30,68.2,28,63.6,Mount Waverley - South,81.5,Metro,44,30,68.2,57.4,81.5,94.4,9,174
212051325,28,23,82.1,23,82.1,22,78.6,Mulgrave,86.2,Metro,28,23,82.1,41.4,86.2,100.0,7,224
212051326,104,85,81.7,84,80.8,75,72.1,Oakleigh - Huntingdale,92.4,Metro,104,84,80.8,78.3,92.4,100.0,8,103
212051327,32,25,78.1,25,78.1,24,75.0,Wheelers Hill,100.0,Metro,32,25,78.1,80.8,100.0,100.0,9,92
212051567,46,43,93.5,42,91.3,39,84.8,Clayton (North) - Notting Hill,95.5,Metro,46,42,91.3,72.7,95.5,100.0,7,172
212051568,56,47,83.9,47,83.9,40,71.4,Clayton - Central,96.2,Metro,56,47,83.9,92.3,96.2,100.0,6,123
213011328,21,17,81.0,16,76.2,14,66.7,Ardeer - Albion,68.8,Metro,21,16,76.2,50.0,68.8,100.0,3,233
213011329,9,8,88.9,8,88.9,7,77.8,Cairnlea,88.9,Metro,9,8,88.9,22.2,88.9,100.0,4,216
213011332,13,11,84.6,11,84.6,10,76.9,Keilor Downs,84.6,Metro,13,11,84.6,46.2,84.6,100.0,4,204
213011334,36,29,80.6,29,80.6,22,61.1,St Albans - North,95.8,Metro,36,29,80.6,79.2,95.8,100.0,1,104
213011335,30,21,70.0,21,70.0,20,66.7,St Albans - South,95.5,Metro,30,21,70.0,86.4,95.5,100.0,1,134
213011336,45,41,91.1,40,88.9,36,80.0,Sunshine,100.0,Metro,45,40,88.9,88.1,100.0,100.0,4,139
213011337,20,16,80.0,16,80.0,16,80.0,Sunshine North,56.5,Metro,20,16,80.0,39.1,56.5,100.0,2,277
213011338,32,21,65.6,20,62.5,20,62.5,Sunshine West,82.1,Metro,32,20,62.5,64.3,82.1,96.4,2,126
213011339,10,7,70.0,7,70.0,6,60.0,Sydenham,100.0,Metro,10,7,70.0,90.0,100.0,100.0,4,130
213011340,41,36,87.8,35,85.4,30,73.2,Taylors Lakes,88.1,Metro,41,35,85.4,71.4,88.1,95.2,7,120
213011569,18,16,88.9,16,88.9,15,83.3,Deer Park,88.2,Metro,18,16,88.9,82.4,88.2,100.0,2,131
213011570,23,17,73.9,17,73.9,15,65.2,Derrimut,59.1,Metro,23,17,73.9,40.9,59.1,81.8,5,262
213021341,55,46,83.6,46,83.6,41,74.5,Altona,80.4,Metro,55,46,83.6,73.9,80.4,95.7,8,87
213021342,13,10,76.9,10,76.9,10,76.9,Altona Meadows,91.7,Metro,13,10,76.9,75.0,91.7,100.0,4,128
213021343,41,36,87.8,36,87.8,33,80.5,Altona North,78.0,Metro,41,36,87.8,51.2,78.0,95.1,5,198
213021344,56,48,85.7,47,83.9,41,73.2,Newport,90.2,Metro,56,47,83.9,78.4,90.2,100.0,9,96
213021345,5,3,60.0,3,60.0,3,60.0,Seabrook,75.0,Metro,5,3,60.0,75.0,75.0,100.0,6,183
213021346,115,99,86.1,99,86.1,85,73.9,Williamstown,89.5,Metro,115,99,86.1,71.4,89.5,100.0,9,115
213031347,48,43,89.6,42,87.5,39,81.2,Braybrook,80.0,Metro,48,42,87.5,68.0,80.0,100.0,4,138
213031348,154,132,85.7,128,83.1,106,68.8,Footscray,97.7,Metro,154,128,83.1,90.8,97.7,100.0,7,74
213031349,45,38,84.4,38,84.4,35,77.8,Maribyrnong,97.8,Metro,45,38,84.4,84.8,97.8,100.0,8,70
213031350,39,34,87.2,34,87.2,29,74.4,Seddon - Kingsville,100.0,Metro,39,34,87.2,100.0,100.0,100.0,9,59
213031351,33,24,72.7,24,72.7,22,66.7,West Footscray - Tottenham,96.2,Metro,33,24,72.7,80.8,96.2,100.0,7,59
213031352,88,75,85.2,73,83.0,68,77.3,Yarraville,98.6,Metro,88,73,83.0,81.1,98.6,98.6,9,131
213041353,44,39,88.6,39,88.6,36,81.8,Bacchus Marsh,75.0,Regional,44,39,88.6,29.2,75.0,89.6,5,260
213041358,17,15,88.2,15,88.2,14,82.4,Melton West,100.0,Regional,17,15,88.2,82.4,100.0,100.0,2,84
213041359,19,12,63.2,12,63.2,11,57.9,Rockbank - Mount Cottrell,57.1,Regional,19,12,63.2,42.9,57.1,71.4,7,259
213041360,13,10,76.9,10,76.9,8,61.5,Taylors Hill,91.7,Regional,13,10,76.9,75.0,91.7,100.0,7,183
213041463,38,31,81.6,30,78.9,25,65.8,Caroline Springs,88.9,Regional,38,30,78.9,72.2,88.9,100.0,6,140
213041572,5,4,80.0,4,80.0,4,80.0,Cobblebank - Strathtulloh,55.6,Regional,5,4,80.0,22.2,55.6,55.6,6,306
213041574,13,12,92.3,12,92.3,11,84.6,Fraser Rise - Plumpton,41.7,Regional,13,12,92.3,33.3,41.7,41.7,7,3500
213041575,9,9,100.0,8,88.9,7,77.8,Hillside,100.0,Regional,9,8,88.9,77.8,100.0,100.0,6,135
213041576,8,7,87.5,7,87.5,6,75.0,Kurunjang - Toolern Vale,14.3,Regional,8,7,87.5,14.3,14.3,28.6,2,3059
213041577,48,40,83.3,39,81.2,34,70.8,Melton,86.1,Regional,48,39,81.2,52.8,86.1,97.2,1,186
213041578,15,15,100.0,14,93.3,13,86.7,Melton South - Weir Views,86.7,Regional,15,14,93.3,60.0,86.7,93.3,1,136
213051361,29,26,89.7,26,89.7,26,89.7,Hoppers Crossing - North,79.3,Metro,29,26,89.7,27.6,79.3,100.0,4,293
213051362,37,31,83.8,30,81.1,27,73.0,Hoppers Crossing - South,100.0,Metro,37,30,81.1,82.1,100.0,100.0,3,99
213051363,33,28,84.8,28,84.8,24,72.7,Laverton,87.1,Metro,33,28,84.8,64.5,87.1,100.0,6,132
213051368,85,74,87.1,73,85.9,70,82.4,Werribee - South,84.3,Metro,85,73,85.9,62.9,84.3,94.4,6,175
213051464,14,10,71.4,10,71.4,9,64.3,Point Cook - East,61.5,Metro,14,10,71.4,38.5,61.5,100.0,8,285
213051466,20,17,85.0,17,85.0,17,85.0,Point Cook - South,68.4,Metro,20,17,85.0,5.3,68.4,78.9,9,288
213051467,13,13,100.0,13,100.0,12,92.3,Werribee - East,100.0,Metro,13,13,100.0,85.7,100.0,100.0,2,84
213051468,7,7,100.0,7,100.0,7,100.0,Werribee - West,71.4,Metro,7,7,100.0,21.4,71.4,92.9,5,318
213051580,38,34,89.5,31,81.6,27,71.1,Point Cook - North East,100.0,Metro,38,31,81.6,87.5,100.0,100.0,7,138
213051581,5,5,100.0,5,100.0,5,100.0,Point Cook - North West,100.0,Metro,5,5,100.0,100.0,100.0,100.0,8,123
213051582,5,4,80.0,4,80.0,4,80.0,Tarneit (West) - Mount Cottrell,100.0,Metro,5,4,80.0,75.0,100.0,100.0,6,146
213051583,23,19,82.6,19,82.6,17,73.9,Tarneit - Central,95.8,Metro,23,19,82.6,79.2,95.8,100.0,6,80
213051585,6,4,66.7,4,66.7,4,66.7,Tarneit - South,100.0,Metro,6,4,66.7,75.0,100.0,100.0,5,54
213051586,12,10,83.3,10,83.3,9,75.0,Truganina - North,55.6,Metro,12,10,83.3,38.9,55.6,83.3,7,358
213051587,7,6,85.7,6,85.7,6,85.7,Truganina - South East,87.5,Metro,7,6,85.7,12.5,87.5,100.0,8,202
213051588,7,6,85.7,6,85.7,6,85.7,Truganina - South West,100.0,Metro,7,6,85.7,100.0,100.0,100.0,5,100
213051590,12,11,91.7,11,91.7,10,83.3,Wyndham Vale - South,100.0,Metro,12,11,91.7,33.3,100.0,100.0,3,223
214011370,35,27,77.1,27,77.1,25,71.4,Carrum Downs,90.0,Metro,35,27,77.1,73.3,90.0,93.3,3,158
214011371,104,93,89.4,93,89.4,80,76.9,Frankston,94.9,Metro,104,93,89.4,75.5,94.9,100.0,4,132
214011372,41,37,90.2,35,85.4,34,82.9,Frankston North,86.4,Metro,41,35,85.4,75.0,86.4,93.2,2,135
214011373,22,19,86.4,19,86.4,19,86.4,Frankston South,78.9,Metro,22,19,86.4,52.6,78.9,100.0,8,175
214011374,17,15,88.2,15,88.2,13,76.5,Langwarrin,80.0,Metro,17,15,88.2,60.0,80.0,100.0,6,141
214011375,48,41,85.4,41,85.4,39,81.2,Seaford (Vic.),81.4,Metro,48,41,85.4,41.9,81.4,100.0,5,241
214011376,6,6,100.0,6,100.0,6,100.0,Skye - Sandhurst,0.0,Metro,6,6,100.0,0.0,0.0,0.0,7,1500
214021377,80,67,83.8,65,81.2,57,71.2,Dromana,46.6,Metro,80,65,81.2,35.6,46.6,53.4,6,578
214021378,158,138,87.3,139,88.0,134,84.8,Flinders,8.8,Metro,158,139,88.0,5.0,8.8,13.1,9,5233
214021379,90,75,83.3,75,83.3,70,77.8,Hastings - Somers,55.7,Metro,90,75,83.3,33.0,55.7,70.5,4,312
214021381,53,42,79.2,41,77.4,39,73.6,Mount Eliza,76.1,Metro,53,41,77.4,52.2,76.1,76.1,10,191
214021382,37,28,75.7,28,75.7,27,73.0,Mount Martha,54.5,Metro,37,28,75.7,39.4,54.5,93.9,8,356
214021383,122,109,89.3,108,88.5,99,81.1,Point Nepean,77.6,Metro,122,108,88.5,63.8,77.6,81.0,6,148
214021384,70,62,88.6,62,88.6,57,81.4,Rosebud - McCrae,65.2,Metro,70,62,88.6,56.5,65.2,78.3,3,132
214021385,75,62,82.7,60,80.0,55,73.3,Somerville,46.2,Metro,75,60,80.0,35.4,46.2,53.8,6,453
214021591,33,27,81.8,27,81.8,26,78.8,Mornington - East,81.2,Metro,33,27,81.8,46.9,81.2,93.8,5,224
214021592,99,90,90.9,88,88.9,78,78.8,Mornington - West,92.2,Metro,99,88,88.9,65.6,92.2,96.7,7,146
215011386,45,43,95.6,42,93.3,39,86.7,Ararat,92.2,Regional,45,42,93.3,76.5,92.2,98.0,2,130
215011387,35,29,82.9,29,82.9,28,80.0,Ararat Surrounds,31.6,Regional,35,29,82.9,26.3,31.6,47.4,6,2681
215011388,75,66,88.0,65,86.7,58,77.3,Horsham,89.4,Regional,75,65,86.7,47.0,89.4,95.5,3,209
215011389,30,29,96.7,29,96.7,27,90.0,Horsham Surrounds,6.9,Regional,30,29,96.7,6.9,6.9,20.7,6,4881
215011390,46,41,89.1,41,89.1,41,89.1,Nhill Region,55.4,Regional,46,41,89.1,32.3,55.4,80.0,3,361
215011391,24,18,75.0,17,70.8,16,66.7,St Arnaud,52.4,Regional,24,17,70.8,14.3,52.4,57.1,2,400
215011392,67,59,88.1,57,85.1,55,82.1,Stawell,67.6,Regional,67,57,85.1,43.7,67.6,74.6,2,218
215011393,22,20,90.9,20,90.9,20,90.9,West Wimmera,28.6,Regional,22,20,90.9,28.6,28.6,38.1,4,1520
215011394,47,46,97.9,46,97.9,43,91.5,Yarriambiack,44.2,Regional,47,46,97.9,27.3,44.2,80.5,2,458
215021395,28,24,85.7,24,85.7,20,71.4,Irymple,37.5,Regional,28,24,85.7,25.0,37.5,37.5,5,1536
215021396,14,13,92.9,13,92.9,12,85.7,Merbein,46.7,Regional,14,13,92.9,33.3,46.7,66.7,2,461
215021398,29,25,86.2,25,86.2,23,79.3,Mildura Surrounds,45.5,Regional,29,25,86.2,24.2,45.5,69.7,3,404
215021399,30,25,83.3,25,83.3,23,76.7,Red Cliffs,58.6,Regional,30,25,83.3,27.6,58.6,69.0,2,313
215021469,110,98,89.1,97,88.2,92,83.6,Mildura - North,88.8,Regional,110,97,88.2,69.0,88.8,94.8,1,173
215021470,32,30,93.8,29,90.6,28,87.5,Mildura - South,81.2,Regional,32,29,90.6,68.8,81.2,81.2,3,126
215031400,62,56,90.3,56,90.3,54,87.1,Buloke,56.2,Regional,62,56,90.3,37.1,56.2,65.7,3,369
215031401,37,35,94.6,35,94.6,32,86.5,Gannawarra,50.0,Regional,37,35,94.6,28.9,50.0,60.5,3,387
215031402,16,15,93.8,15,93.8,15,93.8,Kerang,0.0,Regional,16,15,93.8,0.0,0.0,41.2,2,1051
215031403,11,11,100.0,11,100.0,10,90.9,Robinvale,55.6,Regional,11,11,100.0,27.8,55.6,66.7,1,256
215031404,61,55,90.2,54,88.5,47,77.0,Swan Hill,92.7,Regional,61,54,88.5,56.4,92.7,96.4,3,179
215031405,37,32,86.5,31,83.8,29,78.4,Swan Hill Surrounds,34.9,Regional,37,31,83.8,25.6,34.9,46.5,3,804
216011406,78,70,89.7,69,88.5,64,82.1,Echuca,75.0,Regional,78,69,88.5,43.4,75.0,92.1,3,226
216011407,35,33,94.3,33,94.3,28,80.0,Kyabram,39.2,Regional,35,33,94.3,11.8,39.2,62.7,3,673
216011408,18,17,94.4,17,94.4,17,94.4,Lockington - Gunbower,17.6,Regional,18,17,94.4,17.6,17.6,32.4,4,901
216011409,15,14,93.3,14,93.3,14,93.3,Rochester,71.4,Regional,15,14,93.3,57.1,71.4,85.7,2,179
216011410,49,44,89.8,43,87.8,39,79.6,Rushworth,22.6,Regional,49,43,87.8,9.7,22.6,51.6,2,795
216021411,31,24,77.4,24,77.4,23,74.2,Cobram,67.9,Regional,31,24,77.4,39.3,67.9,89.3,1,244
216021412,20,17,85.0,17,85.0,16,80.0,Moira,40.0,Regional,20,17,85.0,25.0,40.0,55.0,4,591
216021413,63,59,93.7,59,93.7,55,87.3,Numurkah,43.1,Regional,63,59,93.7,22.4,43.1,56.9,3,567
216021414,35,33,94.3,32,91.4,29,82.9,Yarrawonga,40.6,Regional,35,32,91.4,28.1,40.6,68.8,3,584
216031415,17,15,88.2,15,88.2,14,82.4,Mooroopna,88.9,Regional,17,15,88.2,61.1,88.9,100.0,1,144
216031416,83,71,85.5,72,86.7,67,80.7,Shepparton - North,92.4,Regional,83,72,86.7,79.3,92.4,95.7,3,123
216031418,17,17,100.0,17,100.0,17,100.0,Shepparton Surrounds - East,11.8,Regional,17,17,100.0,11.8,11.8,35.3,6,14184
216031419,39,34,87.2,34,87.2,34,87.2,Shepparton Surrounds - West,31.7,Regional,39,34,87.2,11.1,31.7,46.0,3,813
216031593,21,19,90.5,19,90.5,18,85.7,Kialla,42.9,Regional,21,19,90.5,19.0,42.9,47.6,6,1045
216031594,54,51,94.4,51,94.4,49,90.7,Shepparton - South East,88.0,Regional,54,51,94.4,42.0,88.0,92.0,1,213
217011420,44,38,86.4,38,86.4,36,81.8,Glenelg (Vic.),23.1,Regional,44,38,86.4,10.3,23.1,48.7,3,806
217011421,61,57,93.4,57,93.4,53,86.9,Hamilton (Vic.),83.8,Regional,61,57,93.4,45.0,83.8,91.2,3,250
217011422,50,42,84.0,42,84.0,39,78.0,Portland,77.3,Regional,50,42,84.0,43.2,77.3,88.6,2,224
217011423,44,43,97.7,43,97.7,40,90.9,Southern Grampians,32.6,Regional,44,43,97.7,10.9,32.6,41.3,5,1501
217031471,19,17,89.5,17,89.5,17,89.5,Camperdown,45.0,Regional,19,17,89.5,25.0,45.0,60.0,3,512
217031472,55,49,89.1,49,89.1,46,83.6,Colac,92.2,Regional,55,49,89.1,54.9,92.2,94.1,2,189
217031473,29,28,96.6,28,96.6,28,96.6,Colac Surrounds,27.5,Regional,29,28,96.6,7.5,27.5,45.0,5,1181
217031474,34,33,97.1,33,97.1,33,97.1,Corangamite - North,28.6,Regional,34,33,97.1,17.1,28.6,48.6,3,925
217031475,53,42,79.2,42,79.2,40,75.5,Corangamite - South,47.4,Regional,53,42,79.2,36.8,47.4,66.7,5,424
217031476,71,61,85.9,61,85.9,53,74.6,Otway,61.3,Regional,71,61,85.9,45.0,61.3,66.2,5,227
217041477,24,24,100.0,24,100.0,23,95.8,Moyne - East,60.5,Regional,24,24,100.0,31.6,60.5,71.1,5,360
217041478,72,68,94.4,67,93.1,59,81.9,Moyne - West,63.0,Regional,72,67,93.1,22.8,63.0,85.9,6,317
217041479,29,29,100.0,28,96.6,27,93.1,Warrnambool - North,64.3,Regional,29,28,96.6,42.9,64.3,89.3,4,266
217041480,105,95,90.5,94,89.5,86,81.9,Warrnambool - South,94.3,Regional,105,94,89.5,60.4,94.3,96.2,4,170
