sa2_code,sa2_name,region_type,active_venues_2023,active_venues_2025,venues_within_400m_pt_2023,total_venues_2023,access_rate_pct,venue_growth_rate_pct
206071139,Abbotsford,Metro,90,87,90,90,100.0,-3.3
210011226,Airport West,Metro,19,21,19,19,100.0,10.5
206051128,Albert Park,Metro,123,116,122,123,99.2,-5.7
206021110,Alphington - Fairfield,Metro,45,50,45,45,100.0,11.1
213021341,Altona,Metro,50,46,43,50,86.0,-8.0
213021342,Altona Meadows,Metro,12,12,12,12,100.0,0.0
213021343,Altona North,Metro,42,41,37,42,88.1,-2.4
213011328,Ardeer - Albion,Metro,18,16,16,18,88.9,-11.1
206061135,Armadale,Metro,75,67,75,75,100.0,-10.7
206031113,Ascot Vale,Metro,56,57,52,56,92.9,1.8
207011146,Ashburton (Vic.),Metro,23,25,22,23,95.7,8.7
212051319,Ashwood - Chadstone,Metro,34,36,31,34,91.2,5.9
210011533,Avondale Heights,Metro,13,10,13,13,100.0,-23.1
207011147,Balwyn,Metro,53,49,53,53,100.0,-7.5
207011148,Balwyn North,Metro,50,49,48,50,96.0,-2.0
211011251,Bayswater,Metro,44,48,39,44,88.6,9.1
211031263,Bayswater North,Metro,13,12,11,13,84.6,-7.7
212011546,Beaconsfield - Officer,Metro,39,39,32,39,82.1,0.0
208011168,Beaumaris,Metro,47,44,47,47,100.0,-6.4
211051274,Belgrave - Selby,Metro,40,41,36,40,90.0,2.5
208021174,Bentleigh - McKinnon,Metro,76,68,76,76,100.0,-10.5
208021426,Bentleigh East - North,Metro,41,35,41,41,100.0,-14.6
208021427,Bentleigh East - South,Metro,24,21,24,24,100.0,-12.5
212021293,Berwick - North,Metro,53,52,46,53,86.8,-1.9
207031161,Blackburn,Metro,42,45,41,42,97.6,7.1
207031162,Blackburn South,Metro,13,13,12,13,92.3,0.0
211011446,Boronia,Metro,48,49,47,48,97.9,2.1
207031163,Box Hill,Metro,119,113,119,119,100.0,-5.0
207031164,Box Hill North,Metro,17,14,17,17,100.0,-17.6
208031184,Braeside,Metro,24,27,23,24,95.8,12.5
213031347,Braybrook,Metro,49,52,45,49,91.8,6.1
208011169,Brighton (Vic.),Metro,136,132,131,136,96.3,-2.9
208011170,Brighton East,Metro,27,27,27,27,100.0,0.0
210051242,Broadmeadows,Metro,22,20,21,22,95.5,-9.1
206011495,Brunswick - North,Metro,76,73,76,76,100.0,-3.9
206011496,Brunswick - South,Metro,138,138,138,138,100.0,0.0
206011106,Brunswick East,Metro,79,83,79,79,100.0,5.1
206011107,Brunswick West,Metro,36,30,36,36,100.0,-16.7
207021156,Bulleen,Metro,22,21,16,22,72.7,-4.5
209011196,Bundoora - East,Metro,19,20,18,19,94.7,5.3
209041216,Bundoora - North,Metro,18,17,18,18,100.0,-5.6
209041217,Bundoora - West,Metro,13,13,13,13,100.0,0.0
212011547,Bunyip - Garfield,Metro,27,25,15,27,55.6,-7.4
207031165,Burwood (Vic.),Metro,26,23,25,26,96.2,-11.5
207031166,Burwood East,Metro,41,45,39,41,95.1,9.8
213011329,Cairnlea,Metro,11,9,11,11,100.0,-18.2
207011149,Camberwell,Metro,77,70,72,77,93.5,-9.1
210051243,Campbellfield - Coolaroo,Metro,36,32,26,36,72.2,-11.1
206041117,Carlton,Metro,178,177,178,178,100.0,-0.6
206071140,Carlton North - Princes Hill,Metro,60,56,60,60,100.0,-6.7
208021176,Carnegie,Metro,86,80,85,86,98.8,-7.0
208031185,Carrum - Patterson Lakes,Metro,34,35,34,34,100.0,2.9
214011370,Carrum Downs,Metro,27,30,25,27,92.6,11.1
208021177,Caulfield - North,Metro,52,42,52,52,100.0,-19.2
208021178,Caulfield - South,Metro,31,32,31,31,100.0,3.2
208031186,Chelsea - Bonbeach,Metro,39,36,34,39,87.2,-7.7
211051275,Chirnside Park,Metro,37,33,21,37,56.8,-10.8
212041309,Clarinda - Oakleigh South,Metro,10,9,8,10,80.0,-10.0
212051567,Clayton (North) - Notting Hill,Metro,50,44,49,50,98.0,-12.0
212051568,Clayton - Central,Metro,49,48,49,49,100.0,-2.0
212041310,Clayton South,Metro,17,17,14,17,82.4,0.0
206071145,Clifton Hill - Alphington,Metro,40,43,33,40,82.5,7.5
206011497,Coburg - East,Metro,62,67,62,62,100.0,8.1
206011498,Coburg - West,Metro,13,11,13,13,100.0,-15.4
210031236,Coburg North,Metro,27,27,26,27,96.3,0.0
206071141,Collingwood,Metro,141,144,141,141,100.0,2.1
210051441,Craigieburn - Central,Metro,12,13,12,12,100.0,8.3
210051442,Craigieburn - North,Metro,10,10,10,10,100.0,0.0
210051443,Craigieburn - South,Metro,14,14,12,14,85.7,0.0
210051543,Craigieburn - West,Metro,23,21,23,23,100.0,-8.7
212031300,Cranbourne,Metro,39,34,39,39,100.0,-12.8
212031557,Cranbourne East - North,Metro,14,13,14,14,100.0,-7.1
212031560,Cranbourne North - West,Metro,11,11,11,11,100.0,0.0
212031303,Cranbourne South,Metro,10,12,8,10,80.0,20.0
212031304,Cranbourne West,Metro,14,14,14,14,100.0,0.0
211031450,Croydon - East,Metro,47,49,46,47,97.9,4.3
211031451,Croydon - West,Metro,32,26,30,32,93.8,-18.8
211031265,Croydon Hills - Warranwood,Metro,14,12,13,14,92.9,-14.3
211031452,Croydon South,Metro,11,11,9,11,81.8,0.0
212041563,Dandenong - North,Metro,66,56,63,66,95.5,-15.2
212041564,Dandenong - South,Metro,35,40,26,35,74.3,14.3
212041312,Dandenong North,Metro,13,12,13,13,100.0,-7.7
213011569,Deer Park,Metro,16,17,15,16,93.8,6.2
213011570,Derrimut,Metro,23,22,15,23,65.2,-4.3
212041313,Dingley Village,Metro,11,13,10,11,90.9,18.2
206041118,Docklands,Metro,177,181,177,177,100.0,2.3
207021157,Doncaster,Metro,63,55,63,63,100.0,-12.7
207021424,Doncaster East - North,Metro,31,28,31,31,100.0,-9.7
207021425,Doncaster East - South,Metro,52,49,52,52,100.0,-5.8
211021261,Donvale - Park Orchards,Metro,20,20,16,20,80.0,0.0
209041527,Doreen - North,Metro,14,13,14,14,100.0,-7.1
212021295,Doveton,Metro,16,14,16,16,100.0,-12.5
214021377,Dromana,Metro,80,74,38,80,47.5,-7.5
206041119,East Melbourne,Metro,67,66,67,67,100.0,-1.5
208031189,Edithvale - Aspendale,Metro,27,25,24,27,88.9,-7.4
208021179,Elsternwick,Metro,81,73,81,81,100.0,-9.9
209031209,Eltham,Metro,56,55,55,56,98.2,-1.8
206051129,Elwood,Metro,57,51,53,57,93.0,-10.5
212011289,Emerald - Cockatoo,Metro,57,56,35,57,61.4,-1.8
212021454,Endeavour Hills - South,Metro,11,11,11,11,100.0,0.0
209041433,Epping (Vic.) - West,Metro,29,24,27,29,93.1,-17.2
209041432,Epping - South,Metro,54,55,50,54,92.6,1.9
206031501,Essendon (West) - Aberfeldie,Metro,48,45,44,48,91.7,-6.2
206031502,Essendon - East,Metro,55,51,55,55,100.0,-7.3
210031237,Fawkner,Metro,17,16,16,17,94.1,-5.9
211011448,Ferntree Gully (South) - Upper Ferntree Gully,Metro,43,42,42,43,97.7,-2.3
211011447,Ferntree Gully - North,Metro,22,22,22,22,100.0,0.0
206071142,Fitzroy,Metro,243,236,243,243,100.0,-2.9
206071143,Fitzroy North,Metro,71,68,71,71,100.0,-4.2
206031115,Flemington,Metro,23,19,23,23,100.0,-17.4
206041120,Flemington Racecourse,Metro,11,11,11,11,100.0,0.0
214021378,Flinders,Metro,157,159,18,157,11.5,1.3
213031348,Footscray,Metro,145,125,144,145,99.3,-13.8
211041269,Forest Hill,Metro,33,28,33,33,100.0,-15.2
214011371,Frankston,Metro,102,96,100,102,98.0,-5.9
214011372,Frankston North,Metro,45,45,39,45,86.7,0.0
214011373,Frankston South,Metro,20,20,17,20,85.0,0.0
210051245,Gladstone Park - Westmeadows,Metro,28,24,27,28,96.4,-14.3
207011150,Glen Iris - East,Metro,53,49,49,53,92.5,-7.5
212051321,Glen Waverley - East,Metro,17,13,16,17,94.1,-23.5
212051322,Glen Waverley - West,Metro,116,118,115,116,99.1,1.7
210031535,Glenroy - East,Metro,17,17,17,17,100.0,0.0
209011197,Greensborough,Metro,53,51,48,53,90.6,-3.8
210051246,Greenvale - Bulla,Metro,12,13,6,12,50.0,8.3
212021297,Hallam,Metro,14,14,11,14,78.6,0.0
208011172,Hampton,Metro,73,68,72,73,98.6,-6.8
212031562,Hampton Park - West,Metro,15,15,15,15,100.0,0.0
214021379,Hastings - Somers,Metro,85,88,53,85,62.4,3.5
207011519,Hawthorn - North,Metro,58,58,56,58,96.6,0.0
207011520,Hawthorn - South,Metro,66,70,66,66,100.0,6.1
207011152,Hawthorn East,Metro,90,91,87,90,96.7,1.1
211051276,Healesville - Yarra Glen,Metro,155,145,76,155,49.0,-6.5
209011198,Heidelberg - Rosanna,Metro,54,49,49,54,90.7,-9.3
209011199,Heidelberg West,Metro,29,26,26,29,89.7,-10.3
208031188,Highett (East) - Cheltenham ,Metro,104,94,102,104,98.1,-9.6
208011171,Highett (West) - Cheltenham,Metro,46,43,44,46,95.7,-6.5
213051361,Hoppers Crossing - North,Metro,28,28,26,28,92.9,0.0
213051362,Hoppers Crossing - South,Metro,31,28,31,31,100.0,-9.7
209031210,Hurstbridge,Metro,14,15,11,14,78.6,7.1
209011200,Ivanhoe,Metro,47,49,43,47,91.5,4.3
209011201,Ivanhoe East - Eaglemont,Metro,15,15,15,15,100.0,0.0
210011228,Keilor,Metro,43,39,27,43,62.8,-9.3
213011332,Keilor Downs,Metro,12,13,10,12,83.3,8.3
210011534,Keilor East,Metro,22,25,20,22,90.9,13.6
206041121,Kensington (Vic.),Metro,46,45,43,46,93.5,-2.2
207011521,Kew - South,Metro,47,45,47,47,100.0,-4.3
207011522,Kew - West,Metro,39,39,38,39,97.4,0.0
207011154,Kew East,Metro,26,23,25,26,96.2,-11.5
212041565,Keysborough - North,Metro,20,20,19,20,95.0,0.0
212041566,Keysborough - South,Metro,23,22,13,23,56.5,-4.3
209021205,Kingsbury,Metro,30,33,27,30,90.0,10.0
211011254,Knoxfield - Scoresby,Metro,39,37,32,39,82.1,-5.1
212011548,Koo Wee Rup,Metro,25,23,9,25,36.0,-8.0
209041529,Lalor - East,Metro,17,16,17,17,100.0,-5.9
214011374,Langwarrin,Metro,18,15,16,18,88.9,-16.7
213051363,Laverton,Metro,36,32,34,36,94.4,-11.1
211051278,Lilydale - Coldstream,Metro,110,110,59,110,53.6,0.0
212031306,Lynbrook - Lyndhurst,Metro,18,15,17,18,94.4,-16.7
208041194,Malvern - Glen Iris,Metro,76,71,74,76,97.4,-6.6
208041195,Malvern East,Metro,101,108,101,101,100.0,6.9
213031349,Maribyrnong,Metro,45,44,45,45,100.0,-2.2
210051248,Melbourne Airport,Metro,58,63,51,58,87.9,8.6
206041503,Melbourne CBD - East,Metro,573,589,573,573,100.0,2.8
206041504,Melbourne CBD - North,Metro,210,221,210,210,100.0,5.2
206041505,Melbourne CBD - West,Metro,408,413,408,408,100.0,1.2
208031190,Mentone,Metro,35,36,33,35,94.3,2.9
209041220,Mill Park - North,Metro,47,46,47,47,100.0,-2.1
211041270,Mitcham (Vic.),Metro,39,36,39,39,100.0,-7.7
211051279,Monbulk - Silvan,Metro,31,28,22,31,71.0,-9.7
209011202,Montmorency - Briar Hill,Metro,41,33,36,41,87.8,-19.5
211051280,Montrose,Metro,15,15,14,15,93.3,0.0
206031116,Moonee Ponds,Metro,111,102,111,111,100.0,-8.1
208031191,Moorabbin - Heatherton,Metro,61,68,52,61,85.2,11.5
208031192,Moorabbin Airport,Metro,10,8,7,10,70.0,-20.0
211051281,Mooroolbark,Metro,21,19,15,21,71.4,-9.5
208031193,Mordialloc - Parkdale,Metro,81,81,77,81,95.1,0.0
214021591,Mornington - East,Metro,29,31,26,29,89.7,6.9
214021592,Mornington - West,Metro,99,89,96,99,97.0,-10.1
211051282,Mount Dandenong - Olinda,Metro,60,60,53,60,88.3,0.0
214021381,Mount Eliza,Metro,47,46,35,47,74.5,-2.1
211051283,Mount Evelyn,Metro,17,19,15,17,88.2,11.8
214021382,Mount Martha,Metro,34,33,26,34,76.5,-2.9
212051323,Mount Waverley - North,Metro,23,21,16,23,69.6,-8.7
212051324,Mount Waverley - South,Metro,47,53,43,47,91.5,12.8
212051325,Mulgrave,Metro,29,27,26,29,89.7,-6.9
208021181,Murrumbeena,Metro,16,17,16,16,100.0,6.2
212021456,Narre Warren - South West,Metro,45,42,45,45,100.0,-6.7
212021299,Narre Warren North,Metro,10,9,2,10,20.0,-10.0
212031457,Narre Warren South - East,Metro,12,11,12,12,100.0,-8.3
213021344,Newport,Metro,54,51,49,54,90.7,-5.6
210011230,Niddrie - Essendon West,Metro,26,22,26,26,100.0,-15.4
212041459,Noble Park - East,Metro,19,14,18,19,94.7,-26.3
212041460,Noble Park - West,Metro,10,9,10,10,100.0,-10.0
206041506,North Melbourne,Metro,99,100,99,99,100.0,1.0
206021499,Northcote - East,Metro,109,98,109,109,100.0,-10.1
206021500,Northcote - West,Metro,39,38,39,39,100.0,-2.6
211041271,Nunawading,Metro,23,25,23,23,100.0,8.7
210031537,Oak Park,Metro,13,15,13,13,100.0,15.4
212051326,Oakleigh - Huntingdale,Metro,95,90,92,95,96.8,-5.3
208021182,Ormond - Glen Huntly,Metro,48,45,48,48,100.0,-6.2
212011551,Pakenham - South East,Metro,23,18,20,23,87.0,-21.7
212011552,Pakenham - South West,Metro,36,35,33,36,91.7,-2.8
209031212,Panton Hill - St Andrews,Metro,19,17,0,19,0.0,-10.5
206041124,Parkville,Metro,34,36,34,34,100.0,5.9
210031538,Pascoe Vale,Metro,31,30,31,31,100.0,-3.2
206011109,Pascoe Vale South,Metro,18,18,18,18,100.0,0.0
212031308,Pearcedale - Tooradin,Metro,20,19,18,20,90.0,-5.0
209031213,Plenty - Yarrambat,Metro,21,21,18,21,85.7,0.0
213051464,Point Cook - East,Metro,12,12,10,12,83.3,0.0
213051580,Point Cook - North East,Metro,37,32,36,37,97.3,-13.5
213051466,Point Cook - South,Metro,20,20,16,20,80.0,0.0
214021383,Point Nepean,Metro,119,116,93,119,78.2,-2.5
206051130,Port Melbourne,Metro,81,76,81,81,100.0,-6.2
206051511,Port Melbourne Industrial,Metro,63,57,58,63,92.1,-9.5
206061136,Prahran - Windsor,Metro,255,242,255,255,100.0,-5.1
209021428,Preston - East,Metro,139,135,138,139,99.3,-2.9
209021429,Preston - West,Metro,23,18,21,23,91.3,-21.7
209031214,Research - North Warrandyte,Metro,20,21,14,20,70.0,5.0
209021523,Reservoir - North East,Metro,20,18,20,20,100.0,-10.0
209021525,Reservoir - South East,Metro,36,33,36,36,100.0,-8.3
209021526,Reservoir - South West,Metro,34,28,34,34,100.0,-17.6
206071517,Richmond (South) - Cremorne,Metro,220,216,218,220,99.1,-1.8
206071518,Richmond - North,Metro,90,77,88,90,97.8,-14.4
211031266,Ringwood,Metro,85,81,81,85,95.3,-4.7
211031267,Ringwood East,Metro,48,48,39,48,81.2,0.0
211031268,Ringwood North,Metro,18,17,18,18,100.0,-5.6
214021384,Rosebud - McCrae,Metro,68,66,46,68,67.6,-2.9
211011256,Rowville - Central,Metro,19,21,19,19,100.0,10.5
211011257,Rowville - North,Metro,10,10,7,10,70.0,0.0
211011258,Rowville - South,Metro,16,14,16,16,100.0,-12.5
210051544,Roxburgh Park (South) - Somerton,Metro,12,11,11,12,91.7,-8.3
208011173,Sandringham - Black Rock,Metro,85,79,78,85,91.8,-7.1
214011375,Seaford (Vic.),Metro,43,43,39,43,90.7,0.0
213031350,Seddon - Kingsville,Metro,39,34,39,39,100.0,-12.8
214021385,Somerville,Metro,71,66,38,71,53.5,-7.0
206051512,South Melbourne,Metro,152,150,152,152,100.0,-1.3
209041436,South Morang - South,Metro,13,13,13,13,100.0,0.0
206061515,South Yarra - North,Metro,85,77,85,85,100.0,-9.4
206061516,South Yarra - South,Metro,132,109,132,132,100.0,-17.4
206041125,South Yarra - West,Metro,40,35,40,40,100.0,-12.5
206041508,Southbank (West) - South Wharf,Metro,108,108,108,108,100.0,0.0
206041509,Southbank - East,Metro,49,43,49,49,100.0,-12.2
212041317,Springvale,Metro,80,78,75,80,93.8,-2.5
212041318,Springvale South,Metro,10,10,10,10,100.0,0.0
213011334,St Albans - North,Metro,32,24,31,32,96.9,-25.0
213011335,St Albans - South,Metro,22,22,21,22,95.5,0.0
206051513,St Kilda - Central,Metro,48,50,48,48,100.0,4.2
206051514,St Kilda - West,Metro,195,174,192,195,98.5,-10.8
206051134,St Kilda East,Metro,76,68,76,76,100.0,-10.5
210011231,Strathmore,Metro,25,25,25,25,100.0,0.0
210041540,Sunbury - South,Metro,67,68,62,67,92.5,1.5
213011336,Sunshine,Metro,42,41,41,42,97.6,-2.4
213011337,Sunshine North,Metro,19,23,15,19,78.9,21.1
213011338,Sunshine West,Metro,28,28,24,28,85.7,0.0
207031167,Surrey Hills (East) - Mont Albert,Metro,15,13,14,15,93.3,-13.3
207011155,Surrey Hills (West) - Canterbury,Metro,38,36,37,38,97.4,-5.3
213051583,Tarneit - Central,Metro,23,24,23,23,100.0,4.3
213011340,Taylors Lakes,Metro,40,37,36,40,90.0,-7.5
207021159,Templestowe,Metro,31,31,30,31,96.8,0.0
207021160,Templestowe Lower,Metro,22,21,20,22,90.9,-4.5
209041223,Thomastown,Metro,42,40,37,42,88.1,-4.8
206021112,Thornbury,Metro,89,84,87,89,97.8,-5.6
206061138,Toorak,Metro,54,48,52,54,96.3,-11.1
213051586,Truganina - North,Metro,11,18,3,11,27.3,63.6
210051250,Tullamarine,Metro,16,14,15,16,93.8,-12.5
211051284,Upwey - Tecoma,Metro,29,29,29,29,100.0,0.0
211041272,Vermont,Metro,14,16,14,14,100.0,14.3
211041273,Vermont South,Metro,16,15,14,16,87.5,-6.2
209011203,Viewbank - Yallambie,Metro,19,14,19,19,100.0,-26.3
211051285,Wandin - Seville,Metro,57,53,21,57,36.8,-7.0
211011259,Wantirna,Metro,27,28,26,27,96.3,3.7
211011260,Wantirna South,Metro,72,77,69,72,95.8,6.9
211021262,Warrandyte - Wonga Park,Metro,42,38,36,42,85.7,-9.5
209011204,Watsonia,Metro,16,11,15,16,93.8,-31.2
209031215,Wattle Glen - Diamond Creek,Metro,22,21,20,22,90.9,-4.5
213051467,Werribee - East,Metro,15,14,15,15,100.0,-6.7
213051368,Werribee - South,Metro,81,80,69,81,85.2,-1.2
213031351,West Footscray - Tottenham,Metro,27,26,27,27,100.0,-3.7
206041510,West Melbourne - Residential,Metro,58,59,58,58,100.0,1.7
212051327,Wheelers Hill,Metro,29,26,27,29,93.1,-10.3
209041225,Whittlesea,Metro,23,20,19,23,82.6,-13.0
213021346,Williamstown,Metro,109,103,106,109,97.2,-5.5
213051590,Wyndham Vale - South,Metro,12,11,12,12,100.0,-8.3
211051286,Yarra Valley,Metro,58,56,37,58,63.8,-3.4
213031352,Yarraville,Metro,83,74,82,83,98.8,-10.8
204011054,Alexandra,Regional,65,62,37,65,56.9,-4.6
201011001,Alfredton,Regional,21,23,16,21,76.2,9.5
215011386,Ararat,Regional,44,42,40,44,90.9,-4.5
215011387,Ararat Surrounds,Regional,34,34,13,34,38.2,0.0
201031013,Avoca,Regional,61,53,13,61,21.3,-13.1
213041353,Bacchus Marsh,Regional,42,42,34,42,81.0,0.0
201021009,Bacchus Marsh Surrounds,Regional,24,22,8,24,33.3,-8.3
205021081,Bairnsdale,Regional,61,60,51,61,83.6,-1.6
201011002,Ballarat,Regional,164,160,159,164,97.0,-2.4
201011481,Ballarat East - Warrenheip,Regional,24,24,16,24,66.7,0.0
201011482,Ballarat North - Invermay,Regional,25,29,20,25,80.0,16.0
203011034,Bannockburn,Regional,18,17,8,18,44.4,-5.6
204031491,Baranduda - Leneva,Regional,12,11,4,12,33.3,-8.3
203031489,Barwon Heads - Armstrong Creek,Regional,41,40,28,41,68.3,-2.4
201031014,Beaufort,Regional,17,17,9,17,52.9,0.0
204031068,Beechworth,Regional,66,69,32,66,48.5,4.5
203021037,Belmont,Regional,57,51,52,57,91.2,-10.5
204021063,Benalla,Regional,40,37,34,40,85.0,-7.5
204021064,Benalla Surrounds,Regional,27,26,2,27,7.4,-3.7
202011018,Bendigo,Regional,159,156,158,159,99.4,-1.9
202031032,Bendigo Surrounds - North,Regional,21,20,11,21,52.4,-4.8
202021026,Bendigo Surrounds - South,Regional,28,26,1,28,3.6,-7.1
204031069,Bright - Mount Beauty,Regional,192,186,74,192,38.5,-3.1
205021082,Bruthen - Omeo,Regional,55,57,18,55,32.7,3.6
215031400,Buloke,Regional,58,55,36,58,62.1,-5.2
201011005,Buninyong,Regional,16,15,10,16,62.5,-6.2
202011019,California Gully - Eaglehawk,Regional,18,19,16,18,88.9,5.6
217031471,Camperdown,Regional,17,19,9,17,52.9,11.8
201011483,Canadian - Mount Clear,Regional,29,28,26,29,89.7,-3.4
213041463,Caroline Springs,Regional,38,36,35,38,92.1,-5.3
202021027,Castlemaine,Regional,53,62,48,53,90.6,17.0
202021028,Castlemaine Surrounds,Regional,74,72,32,74,43.2,-2.7
204031070,Chiltern - Indigo Valley,Regional,15,14,9,15,60.0,-6.7
205041094,Churchill,Regional,21,22,12,21,57.1,4.8
203031048,Clifton Springs,Regional,43,47,28,43,65.1,9.3
216021411,Cobram,Regional,26,28,22,26,84.6,7.7
217031472,Colac,Regional,50,50,46,50,92.0,0.0
217031473,Colac Surrounds,Regional,31,32,8,31,25.8,3.2
217031474,Corangamite - North,Regional,33,34,9,33,27.3,3.0
217031475,Corangamite - South,Regional,47,47,19,47,40.4,0.0
203021486,Corio - Lovely Banks,Regional,32,33,18,32,56.2,3.1
201021010,Creswick - Clunes,Regional,48,46,29,48,60.4,-4.2
201021011,Daylesford,Regional,124,115,64,124,51.6,-7.3
201011006,Delacombe,Regional,13,12,10,13,76.9,-7.7
205011076,Drouin,Regional,41,42,27,41,65.9,2.4
202011020,East Bendigo - Kennington,Regional,27,28,22,27,81.5,3.7
216011406,Echuca,Regional,74,73,64,74,86.5,-1.4
204011055,Euroa,Regional,40,40,12,40,30.0,0.0
202011021,Flora Hill - Spring Gully,Regional,11,11,11,11,100.0,0.0
205031087,Foster,Regional,70,65,27,70,38.6,-7.1
213041574,Fraser Rise - Plumpton,Regional,13,13,4,13,30.8,0.0
215031401,Gannawarra,Regional,37,34,24,37,64.9,-8.1
203021039,Geelong,Regional,241,241,217,241,90.0,0.0
203021040,Geelong West - Hamlyn Heights,Regional,90,84,86,90,95.6,-6.7
210021232,Gisborne,Regional,49,50,36,49,73.5,2.0
217011420,Glenelg (Vic.),Regional,41,39,12,41,29.3,-4.9
201031015,Golden Plains - North,Regional,11,12,7,11,63.6,9.1
203011035,Golden Plains - South,Regional,27,27,9,27,33.3,0.0
201021012,Gordon (Vic.),Regional,22,23,11,22,50.0,4.5
203021487,Grovedale - Mount Duneed,Regional,39,43,33,39,84.6,10.3
217011421,Hamilton (Vic.),Regional,59,61,52,59,88.1,3.4
202021029,Heathcote,Regional,59,61,21,59,35.6,3.4
203021042,Highton,Regional,28,27,21,28,75.0,-3.6
213041575,Hillside,Regional,10,9,10,10,100.0,-10.0
215011388,Horsham,Regional,68,63,62,68,91.2,-7.4
215011389,Horsham Surrounds,Regional,29,27,3,29,10.3,-6.9
215021395,Irymple,Regional,26,24,9,26,34.6,-7.7
202011022,Kangaroo Flat - Golden Square,Regional,40,38,39,40,97.5,-5.0
215031402,Kerang,Regional,17,17,3,17,17.6,0.0
216031593,Kialla,Regional,21,21,8,21,38.1,0.0
204011056,Kilmore - Broadford,Regional,46,43,24,46,52.2,-6.5
209031211,Kinglake,Regional,13,15,5,13,38.5,15.4
205031089,Korumburra,Regional,45,46,25,45,55.6,2.2
216011407,Kyabram,Regional,34,30,16,34,47.1,-11.8
202021030,Kyneton,Regional,67,69,49,67,73.1,3.0
205021084,Lakes Entrance,Regional,65,59,41,65,63.1,-9.2
203021043,Lara,Regional,35,32,22,35,62.9,-8.6
205031090,Leongatha,Regional,47,44,29,47,61.7,-6.4
203021044,Leopold,Regional,18,18,15,18,83.3,0.0
216011408,Lockington - Gunbower,Regional,18,21,4,18,22.2,16.7
202031033,Loddon,Regional,63,59,35,63,55.6,-6.3
205051100,Longford - Loch Sport,Regional,22,20,13,22,59.1,-9.1
203031049,Lorne - Anglesea,Regional,80,77,61,80,76.2,-3.8
210021233,Macedon,Regional,26,25,4,26,15.4,-3.8
205051101,Maffra,Regional,51,55,28,51,54.9,7.8
204011057,Mansfield (Vic.),Regional,130,122,30,130,23.1,-6.2
201031016,Maryborough (Vic.),Regional,32,28,31,32,96.9,-12.5
201031017,Maryborough Surrounds,Regional,26,24,11,26,42.3,-7.7
213041577,Melton,Regional,41,36,38,41,92.7,-12.2
213041578,Melton South - Weir Views,Regional,17,15,16,17,94.1,-11.8
213041358,Melton West,Regional,17,17,17,17,100.0,0.0
215021396,Merbein,Regional,14,14,8,14,57.1,0.0
215021469,Mildura - North,Regional,109,104,98,109,89.9,-4.6
215021470,Mildura - South,Regional,31,32,25,31,80.6,3.2
215021398,Mildura Surrounds,Regional,25,27,14,25,56.0,8.0
205041095,Moe - Newborough,Regional,42,42,38,42,90.5,0.0
216021412,Moira,Regional,19,20,9,19,47.4,5.3
216031415,Mooroopna,Regional,18,17,17,18,94.4,-5.6
205041096,Morwell,Regional,47,47,41,47,87.2,0.0
205011077,Mount Baw Baw Region,Regional,42,42,0,42,0.0,0.0
217041477,Moyne - East,Regional,28,30,16,28,57.1,7.1
217041478,Moyne - West,Regional,70,66,52,70,74.3,-5.7
204031071,Myrtleford,Regional,48,42,19,48,39.6,-12.5
204011058,Nagambie,Regional,55,55,17,55,30.9,0.0
203021045,Newcomb - Moolap,Regional,24,25,24,24,100.0,4.2
203021046,Newtown (Vic.),Regional,40,42,33,40,82.5,5.0
215011390,Nhill Region,Regional,44,44,29,44,65.9,0.0
203021488,Norlane,Regional,25,22,24,25,96.0,-12.0
203021047,North Geelong - Bell Park,Regional,44,40,39,44,88.6,-9.1
216021413,Numurkah,Regional,59,57,29,59,49.2,-3.4
203031490,Ocean Grove,Regional,64,69,44,64,68.8,7.8
205021085,Orbost,Regional,42,41,26,42,61.9,-2.4
217031476,Otway,Regional,64,60,39,64,60.9,-6.2
205021086,Paynesville,Regional,18,18,9,18,50.0,0.0
205031091,Phillip Island,Regional,110,105,65,110,59.1,-4.5
203031052,Point Lonsdale - Queenscliff,Regional,58,57,50,58,86.2,-1.7
203031051,Portarlington,Regional,48,50,34,48,70.8,4.2
217011422,Portland,Regional,45,43,39,45,86.7,-4.4
215021399,Red Cliffs,Regional,27,25,17,27,63.0,-7.4
210021234,Riddells Creek,Regional,12,11,8,12,66.7,-8.3
215031403,Robinvale,Regional,12,11,6,12,50.0,-8.3
216011409,Rochester,Regional,14,14,10,14,71.4,0.0
213041359,Rockbank - Mount Cottrell,Regional,17,20,11,17,64.7,17.6
210021235,Romsey,Regional,51,49,22,51,43.1,-3.9
205051102,Rosedale,Regional,21,19,13,21,61.9,-9.5
216011410,Rushworth,Regional,48,44,12,48,25.0,-8.3
204021065,Rutherglen,Regional,54,53,25,54,46.3,-1.9
205051103,Sale,Regional,59,55,52,59,88.1,-6.8
201011484,Sebastopol - Redan,Regional,18,18,18,18,100.0,0.0
204011059,Seymour,Regional,32,33,27,32,84.4,3.1
204011060,Seymour Surrounds,Regional,19,21,8,19,42.1,10.5
216031416,Shepparton - North,Regional,77,76,69,77,89.6,-1.3
216031594,Shepparton - South East,Regional,54,53,49,54,90.7,-1.9
216031418,Shepparton Surrounds - East,Regional,17,17,3,17,17.6,0.0
216031419,Shepparton Surrounds - West,Regional,37,39,14,37,37.8,5.4
217011423,Southern Grampians,Regional,43,43,16,43,37.2,0.0
215011391,St Arnaud,Regional,18,18,12,18,66.7,0.0
215011392,Stawell,Regional,63,59,44,63,69.8,-6.3
202011024,Strathfieldsaye,Regional,13,13,8,13,61.5,0.0
215031404,Swan Hill,Regional,61,54,58,61,95.1,-11.5
215031405,Swan Hill Surrounds,Regional,36,32,13,36,36.1,-11.1
213041360,Taylors Hill,Regional,11,12,11,11,100.0,9.1
203031053,Torquay,Regional,100,99,82,100,82.0,-1.0
204031072,Towong,Regional,45,42,18,45,40.0,-6.7
205011078,Trafalgar (Vic.),Regional,34,29,20,34,58.8,-14.7
205041493,Traralgon - East,Regional,71,74,70,71,98.6,4.2
205041494,Traralgon - West,Regional,18,18,16,18,88.9,0.0
209041224,Wallan,Regional,22,24,17,22,77.3,9.1
204021066,Wangaratta,Regional,66,66,60,66,90.9,0.0
204021067,Wangaratta Surrounds,Regional,97,93,35,97,36.1,-4.1
205011079,Warragul,Regional,74,69,56,74,75.7,-6.8
217041479,Warrnambool - North,Regional,31,28,22,31,71.0,-9.7
217041480,Warrnambool - South,Regional,102,98,97,102,95.1,-3.9
201011008,Wendouree - Miners Rest,Regional,28,28,21,28,75.0,0.0
215011393,West Wimmera,Regional,20,21,8,20,40.0,5.0
204031073,West Wodonga,Regional,18,17,16,18,88.9,-5.6
202011025,White Hills - Ascot,Regional,21,23,14,21,66.7,9.5
203011036,Winchelsea,Regional,38,39,1,38,2.6,2.6
204031492,Wodonga,Regional,62,60,57,62,91.9,-3.2
205031093,Wonthaggi - Inverloch,Regional,105,104,78,105,74.3,-1.0
202021031,Woodend,Regional,44,41,26,44,59.1,-6.8
204031075,Yackandandah,Regional,21,21,10,21,47.6,0.0
205041098,Yallourn North - Glengarry,Regional,16,15,12,16,75.0,-6.2
205051104,Yarram,Regional,31,33,14,31,45.2,6.5
216021414,Yarrawonga,Regional,35,32,17,35,48.6,-8.6
215011394,Yarriambiack,Regional,46,46,24,46,52.2,0.0
204011062,Yea,Regional,38,31,19,38,50.0,-18.4
