sa2_code_2021,sa2_name_2021,venue_count,venue_count_per_10000_residents,share_within_400m_pt,access_share_pct,late_night_share,median_nearest_stop_distance_m,irsad_score,irsad_aus_decile,seifa_decile_group,population_2025,population_density_denominator_status,metro_regional_majority
204031073,West Wodonga,17.0,10.971281058405939,0.8333333333333334,83.33333333333334,0.16666666666666666,118.49299016326965,930.8791209999999,3.0,low_1_3,15495.0,valid,Regional
204031075,Yackandandah,21.0,38.195707530010914,0.42857142857142855,42.857142857142854,0.19047619047619047,574.8365368035995,1032.317063,7.0,middle_4_7,5498.0,valid,Regional
204031491,Baranduda - Leneva,12.0,8.23158183564275,0.3333333333333333,33.33333333333333,0.16666666666666666,977.2950768823725,1025.05583,7.0,middle_4_7,14578.0,valid,Regional
204031492,Wodonga,59.0,40.289538377492484,0.847457627118644,84.7457627118644,0.22033898305084745,180.32465420315572,900.4868431,2.0,low_1_3,14644.0,valid,Regional
205031089,Korumburra,46.0,45.967822524233036,0.6363636363636364,63.63636363636363,0.2,196.2777848545441,966.4582334,4.0,middle_4_7,10007.0,valid,Regional
205031090,Leongatha,44.0,37.61005214120865,0.55,55.00000000000001,0.15,358.43786458860677,962.5070870999999,4.0,middle_4_7,11699.0,valid,Regional
205031091,Phillip Island,105.0,70.96992227103752,0.4838709677419355,48.38709677419355,0.1693548387096774,401.2290551373392,970.6076493,4.0,middle_4_7,14795.0,valid,Regional
205031092,Wilsons Promontory,0.0,0.0,,,,,,,,15.0,valid,
205031093,Wonthaggi - Inverloch,104.0,35.454948351685815,0.6433566433566433,64.33566433566433,0.1958041958041958,262.9529825069618,950.4748959,4.0,middle_4_7,29333.0,valid,Regional
205041094,Churchill,22.0,17.849898580121703,0.5,50.0,0.22727272727272727,394.45030210670836,941.9113001,3.0,low_1_3,12325.0,valid,Regional
205041095,Moe - Newborough,42.0,23.80952380952381,0.8604651162790697,86.04651162790698,0.16279069767441862,140.59109316951668,861.4590609999999,1.0,low_1_3,17640.0,valid,Regional
206011107,Brunswick West,29.0,18.138603952964726,1.0,100.0,0.21052631578947367,48.54683534174517,1073.290961,8.0,high_8_10,15988.0,valid,Metro
206011109,Pascoe Vale South,18.0,16.503163106262033,0.9090909090909091,90.9090909090909,0.045454545454545456,59.767999457631625,1076.0488950000001,9.0,high_8_10,10907.0,valid,Metro
206011495,Brunswick - North,73.0,47.853162897410684,1.0,100.0,0.273972602739726,72.14270889901184,1096.7223809999998,9.0,high_8_10,15255.0,valid,Metro
206011496,Brunswick - South,139.0,90.45945594168944,1.0,100.0,0.4444444444444444,95.34286025194216,1115.544453,10.0,high_8_10,15366.0,valid,Metro
206011497,Coburg - East,65.0,44.96091858615204,1.0,100.0,0.35294117647058826,84.69964084325935,1060.298392,8.0,high_8_10,14457.0,valid,Metro
206011498,Coburg - West,14.0,9.340182800720529,0.9333333333333333,93.33333333333333,0.06666666666666667,62.10156445558138,1068.173297,8.0,high_8_10,14989.0,valid,Metro
206021110,Alphington - Fairfield,55.0,56.416042671043186,1.0,100.0,0.3090909090909091,67.40918379970927,1106.553386,9.0,high_8_10,9749.0,valid,Metro
206021112,Thornbury,89.0,43.98537115745774,0.9550561797752809,95.50561797752809,0.4157303370786517,65.0867204842922,1082.61304,9.0,high_8_10,20234.0,valid,Metro
206021499,Northcote - East,59.0,36.946584006512616,1.0,100.0,0.22033898305084745,59.35309862672135,1112.3481359999998,10.0,high_8_10,15969.0,valid,Metro
206021500,Northcote - West,77.0,69.83493560674769,1.0,100.0,0.4155844155844156,57.096346351664856,1124.425282,10.0,high_8_10,11026.0,valid,Metro
206031113,Ascot Vale,58.0,35.37016709354799,0.8974358974358975,89.74358974358975,0.2948717948717949,85.7069480668984,1061.952632,8.0,high_8_10,16398.0,valid,Metro
206031115,Flemington,19.0,19.124308002013084,1.0,100.0,0.047619047619047616,63.18530651326896,996.8158019,6.0,middle_4_7,9935.0,valid,Metro
206031116,Moonee Ponds,102.0,56.77706651822989,1.0,100.0,0.23148148148148148,151.88242231312051,1096.948468,9.0,high_8_10,17965.0,valid,Metro
206031501,Essendon (West) - Aberfeldie,46.0,26.87072843039897,0.9019607843137255,90.19607843137256,0.11764705882352941,82.84734432775467,1085.6825869999998,9.0,high_8_10,17119.0,valid,Metro
206031502,Essendon - East,52.0,39.40588056986966,1.0,100.0,0.25,73.75002843611668,1091.253336,9.0,high_8_10,13196.0,valid,Metro
206041117,Carlton,176.0,69.65607313887679,1.0,100.0,0.45454545454545453,90.09552191828661,1050.166907,8.0,high_8_10,25267.0,valid,Metro
206041118,Docklands,182.0,95.09378755420869,0.978021978021978,97.8021978021978,0.43956043956043955,124.1646849348344,1108.7903849999998,9.0,high_8_10,19139.0,valid,Metro
206041119,East Melbourne,65.0,123.92755004766444,0.9848484848484849,98.48484848484848,0.45454545454545453,124.23684907576417,1156.1699090000002,10.0,high_8_10,5245.0,valid,Metro
206041120,Flemington Racecourse,11.0,1410.2564102564102,1.0,100.0,0.18181818181818182,105.7753128848532,1133.226613,10.0,high_8_10,78.0,valid,Metro
206041121,Kensington (Vic.),45.0,36.22313450857281,0.8666666666666667,86.66666666666667,0.24444444444444444,94.30339362251117,1097.048049,9.0,high_8_10,12423.0,valid,Metro
206041124,Parkville,39.0,47.10144927536232,0.7692307692307693,76.92307692307693,0.15384615384615385,261.53735218533484,1102.1698529999999,9.0,high_8_10,8280.0,valid,Metro
206041125,South Yarra - West,35.0,50.76878445024659,0.9714285714285714,97.14285714285714,0.2857142857142857,107.03503909676068,1146.650124,10.0,high_8_10,6894.0,valid,Metro
206041127,West Melbourne - Industrial,2.0,,1.0,100.0,0.5,226.98217257995861,,,,0.0,zero_population,Metro
206041503,Melbourne CBD - East,590.0,413.57072760409363,1.0,100.0,0.6112,92.07806979547735,1078.587909,9.0,high_8_10,14266.0,valid,Metro
206041504,Melbourne CBD - North,223.0,91.78465591043793,1.0,100.0,0.57847533632287,81.57510982536292,1051.410079,8.0,high_8_10,24296.0,valid,Metro
206041505,Melbourne CBD - West,396.0,178.67617199837565,1.0,100.0,0.5885286783042394,89.91232591253446,1072.5532050000002,8.0,high_8_10,22163.0,valid,Metro
206041506,North Melbourne,100.0,51.85108368764907,1.0,100.0,0.30392156862745096,94.86383386822547,1055.7413,8.0,high_8_10,19286.0,valid,Metro
206041507,Royal Botanic Gardens Victoria,9.0,,0.6666666666666666,66.66666666666666,0.3333333333333333,356.9381747120744,,,,0.0,zero_population,Metro
206041508,Southbank (West) - South Wharf,124.0,152.67175572519082,0.9078947368421053,90.78947368421053,0.6513157894736842,199.3517057992493,1111.880625,10.0,high_8_10,8122.0,valid,Metro
206041509,Southbank - East,43.0,21.99263502454992,1.0,100.0,0.3488372093023256,130.43644790877127,1104.055357,9.0,high_8_10,19552.0,valid,Metro
206041510,West Melbourne - Residential,56.0,57.73791112485823,1.0,100.0,0.30357142857142855,81.44885829200979,1099.228945,9.0,high_8_10,9699.0,valid,Metro
206051128,Albert Park,115.0,66.65507447980062,0.9478260869565217,94.78260869565217,0.16521739130434782,110.6624752879893,1132.190499,10.0,high_8_10,17253.0,valid,Metro
206051129,Elwood,52.0,32.38664673642252,0.8947368421052632,89.47368421052632,0.19298245614035087,123.12574559946579,1116.926238,10.0,high_8_10,16056.0,valid,Metro
206051130,Port Melbourne,75.0,44.3079104389437,1.0,100.0,0.30666666666666664,139.25012355578127,1108.320296,9.0,high_8_10,16927.0,valid,Metro
206051134,St Kilda East,61.0,35.09781357882624,1.0,100.0,0.3548387096774194,73.98155673146495,1100.741364,9.0,high_8_10,17380.0,valid,Metro
206051511,Port Melbourne Industrial,59.0,187.42058449809403,0.7796610169491526,77.96610169491525,0.2711864406779661,280.9807550979595,1141.407468,10.0,high_8_10,3148.0,valid,Metro
206051512,South Melbourne,152.0,115.74779165397501,0.9868421052631579,98.68421052631578,0.3618421052631579,124.23402131264864,1093.8673809999998,9.0,high_8_10,13132.0,valid,Metro
206051513,St Kilda - Central,58.0,41.393091635740795,1.0,100.0,0.45454545454545453,71.0122988281498,1082.763242,9.0,high_8_10,14012.0,valid,Metro
206051514,St Kilda - West,174.0,106.76156583629894,0.9774011299435028,97.74011299435028,0.5310734463276836,79.7685925152054,1090.969375,9.0,high_8_10,16298.0,valid,Metro
206061135,Armadale,67.0,66.78628389154704,1.0,100.0,0.2835820895522388,45.814545839380536,1130.3043010000001,10.0,high_8_10,10032.0,valid,Metro
206061136,Prahran - Windsor,243.0,115.10041682455476,1.0,100.0,0.47368421052631576,78.52090114849665,1123.413072,10.0,high_8_10,21112.0,valid,Metro
206061138,Toorak,40.0,29.390154298310065,0.95,95.0,0.25,67.37010400104158,1149.721382,10.0,high_8_10,13610.0,valid,Metro
206061515,South Yarra - North,77.0,55.8821394876261,1.0,100.0,0.2,121.96807539004044,1142.23039,10.0,high_8_10,13779.0,valid,Metro
206061516,South Yarra - South,109.0,104.40613026819922,1.0,100.0,0.47863247863247865,83.68339035573581,1093.9409130000001,9.0,high_8_10,10440.0,valid,Metro
206071139,Abbotsford,87.0,84.33501357115162,0.9310344827586207,93.10344827586206,0.3448275862068966,100.3870740337559,1127.1147310000001,10.0,high_8_10,10316.0,valid,Metro
206071140,Carlton North - Princes Hill,55.0,62.30176710466697,0.9818181818181818,98.18181818181819,0.16363636363636364,82.5550921801187,1135.455693,10.0,high_8_10,8828.0,valid,Metro
206071141,Collingwood,145.0,127.38293947114117,0.9310344827586207,93.10344827586206,0.4413793103448276,129.62586979369928,1045.1247950000002,7.0,middle_4_7,11383.0,valid,Metro
206071142,Fitzroy,236.0,194.47878038730943,1.0,100.0,0.5677966101694916,84.58280123306406,1065.855679,8.0,high_8_10,12135.0,valid,Metro
206071143,Fitzroy North,68.0,49.45814241035712,1.0,100.0,0.3235294117647059,57.79166390616815,1125.161684,10.0,high_8_10,13749.0,valid,Metro
206071145,Clifton Hill - Alphington,37.0,32.402136789561254,0.7297297297297297,72.97297297297297,0.21621621621621623,239.24243306680862,1143.273394,10.0,high_8_10,11419.0,valid,Metro
206071517,Richmond (South) - Cremorne,214.0,111.31339401820546,0.96875,96.875,0.4017857142857143,83.55886458653163,1157.5058769999998,10.0,high_8_10,19225.0,valid,Metro
206071518,Richmond - North,79.0,51.62386460171208,0.8888888888888888,88.88888888888889,0.2839506172839506,108.43012399467582,1048.083664,8.0,high_8_10,15303.0,valid,Metro
201011001,Alfredton,23.0,11.044417767106843,0.782608695652174,78.26086956521739,0.043478260869565216,229.50736168798613,1010.8530569999999,6.0,middle_4_7,20825.0,valid,Regional
201011002,Ballarat,158.0,135.41309564621187,0.9538461538461539,95.38461538461539,0.3333333333333333,123.43286737246163,1039.8986869999999,7.0,middle_4_7,11668.0,valid,Regional
201011005,Buninyong,15.0,20.314192849404115,0.6,60.0,0.13333333333333333,337.8882464406674,1040.4715130000002,7.0,middle_4_7,7384.0,valid,Regional
201011006,Delacombe,12.0,7.866273352999017,0.5833333333333334,58.333333333333336,0.25,272.1303038211165,946.6715299,3.0,low_1_3,15255.0,valid,Regional
201011007,Smythes Creek,4.0,9.411764705882353,0.42857142857142855,42.857142857142854,0.0,788.4752047319756,1004.772211,6.0,middle_4_7,4250.0,valid,Regional
201011008,Wendouree - Miners Rest,31.0,19.9382557242089,0.7142857142857143,71.42857142857143,0.14285714285714285,110.50329932613243,886.275336,1.0,low_1_3,15548.0,valid,Regional
201011481,Ballarat East - Warrenheip,25.0,25.585917511001945,0.64,64.0,0.2,300.8612031647407,940.1035727000001,3.0,low_1_3,9771.0,valid,Regional
201011482,Ballarat North - Invermay,29.0,19.07392791370692,0.8275862068965517,82.75862068965517,0.3793103448275862,285.8253633236143,1014.682006,6.0,middle_4_7,15204.0,valid,Regional
201011483,Canadian - Mount Clear,28.0,22.36779038185014,0.84375,84.375,0.1875,172.4496173569274,963.0631877,4.0,middle_4_7,12518.0,valid,Regional
201011484,Sebastopol - Redan,18.0,14.099953000156667,0.8333333333333334,83.33333333333334,0.16666666666666666,138.51915372313772,860.5844506,1.0,low_1_3,12766.0,valid,Regional
201021009,Bacchus Marsh Surrounds,23.0,33.97341211225997,0.13793103448275862,13.793103448275861,0.2413793103448276,7104.201682713281,987.8611687,5.0,middle_4_7,6770.0,valid,Regional
201021010,Creswick - Clunes,45.0,55.98407564070664,0.5294117647058824,52.94117647058824,0.27450980392156865,270.40474824498494,955.121678,4.0,middle_4_7,8038.0,valid,Regional
201021011,Daylesford,116.0,112.16399149100755,0.4574898785425101,45.74898785425101,0.145748987854251,449.01544587559306,1010.686629,6.0,middle_4_7,10342.0,valid,Regional
201021012,Gordon (Vic.),22.0,33.55192923593106,0.4074074074074074,40.74074074074074,0.37037037037037035,530.7925170470845,1001.359164,6.0,middle_4_7,6557.0,valid,Regional
201031013,Avoca,53.0,146.85508451094486,0.18867924528301888,18.867924528301888,0.07547169811320754,6394.732556895769,918.1866573,2.0,low_1_3,3609.0,valid,Regional
201031014,Beaufort,17.0,35.29900332225914,0.5,50.0,0.2777777777777778,900.926221383497,939.4164039999999,3.0,low_1_3,4816.0,valid,Regional
201031015,Golden Plains - North,12.0,23.899621589324838,0.5333333333333333,53.333333333333336,0.13333333333333333,263.4905897544213,954.6662909,4.0,middle_4_7,5021.0,valid,Regional
201031016,Maryborough (Vic.),28.0,34.02600558998663,0.9666666666666667,96.66666666666667,0.16666666666666666,124.94162498680123,854.3126423,1.0,low_1_3,8229.0,valid,Regional
201031017,Maryborough Surrounds,24.0,42.002100105005255,0.41935483870967744,41.935483870967744,0.0967741935483871,685.0881483554207,886.0925839,1.0,low_1_3,5714.0,valid,Regional
202011018,Bendigo,156.0,107.90620460676489,0.9811320754716981,98.11320754716981,0.389937106918239,124.68368015926174,917.5876096,2.0,low_1_3,14457.0,valid,Regional
202011019,California Gully - Eaglehawk,19.0,14.050136803963618,0.85,85.0,0.25,128.93596486030455,887.5139834,1.0,low_1_3,13523.0,valid,Regional
202011020,East Bendigo - Kennington,29.0,20.801951079549532,0.8,80.0,0.22857142857142856,171.11148182775858,986.486401,5.0,middle_4_7,13941.0,valid,Regional
202011021,Flora Hill - Spring Gully,11.0,11.537654709460876,1.0,100.0,0.25,67.18099866712964,980.540213,5.0,middle_4_7,9534.0,valid,Regional
207011146,Ashburton (Vic.),25.0,29.512454255695904,0.96,96.0,0.16,96.99552230865525,1125.857939,10.0,high_8_10,8471.0,valid,Metro
207011147,Balwyn,52.0,30.827602561062367,0.9807692307692307,98.07692307692307,0.07692307692307693,94.75854311034672,1108.842189,9.0,high_8_10,16868.0,valid,Metro
202011022,Kangaroo Flat - Golden Square,38.0,17.78276943235528,0.9473684210526315,94.73684210526315,0.21052631578947367,89.95926987158501,920.7503375,2.0,low_1_3,21369.0,valid,Regional
207011148,Balwyn North,45.0,20.0409726552062,0.9333333333333333,93.33333333333333,0.1111111111111111,73.47914262322998,1115.19079,10.0,high_8_10,22454.0,valid,Metro
202011023,Maiden Gully,8.0,13.630942238882264,0.5,50.0,0.125,340.61276264972105,1024.217347,7.0,middle_4_7,5869.0,valid,Regional
202011024,Strathfieldsaye,13.0,11.106364801366938,0.46153846153846156,46.15384615384615,0.3076923076923077,413.14740804040935,1049.7562130000001,8.0,high_8_10,11705.0,valid,Regional
202011025,White Hills - Ascot,22.0,13.668841255048152,0.6818181818181818,68.18181818181817,0.18181818181818182,160.74154634964998,961.3495476,4.0,middle_4_7,16095.0,valid,Regional
202021026,Bendigo Surrounds - South,26.0,28.590279305036287,0.05714285714285714,5.714285714285714,0.11428571428571428,3871.2597537813326,1024.613951,7.0,middle_4_7,9094.0,valid,Regional
202021027,Castlemaine,62.0,53.264604810996566,0.8870967741935484,88.70967741935483,0.1935483870967742,212.37126848507205,984.3956667,5.0,middle_4_7,11640.0,valid,Regional
202021028,Castlemaine Surrounds,72.0,74.4186046511628,0.425,42.5,0.0875,1042.8443878432727,991.6628175999999,5.0,middle_4_7,9675.0,valid,Regional
202021029,Heathcote,61.0,113.34076551467857,0.3108108108108108,31.08108108108108,0.04054054054054054,1570.994001854006,932.1261662,3.0,low_1_3,5382.0,valid,Regional
207011149,Camberwell,78.0,35.37094141120986,0.9230769230769231,92.3076923076923,0.07692307692307693,77.830488398493,1137.165986,10.0,high_8_10,22052.0,valid,Metro
202021030,Kyneton,69.0,64.69760900140646,0.7222222222222222,72.22222222222221,0.1527777777777778,186.03818573685604,1018.551695,6.0,middle_4_7,10665.0,valid,Regional
202021031,Woodend,41.0,50.71746660069273,0.6585365853658537,65.85365853658537,0.14634146341463414,194.65480789331045,1064.1262259999999,8.0,high_8_10,8084.0,valid,Regional
202031032,Bendigo Surrounds - North,20.0,36.330608537693,0.4,40.0,0.08,787.1386829234002,952.4541832,4.0,middle_4_7,5505.0,valid,Regional
202031033,Loddon,59.0,81.59314064444753,0.4536082474226804,45.36082474226804,0.1134020618556701,471.43586788890053,924.7729118000001,2.0,low_1_3,7231.0,valid,Regional
203011034,Bannockburn,18.0,21.44133412745682,0.3125,31.25,0.0625,561.0546844173338,1013.925144,6.0,middle_4_7,8395.0,valid,Regional
203011035,Golden Plains - South,27.0,30.154121063211974,0.3333333333333333,33.33333333333333,0.14814814814814814,875.7895139399467,1002.14548,6.0,middle_4_7,8954.0,valid,Regional
203011036,Winchelsea,39.0,55.09252719310637,0.0,0.0,0.07272727272727272,13543.72373335899,1025.7196809999998,7.0,middle_4_7,7079.0,valid,Regional
207011150,Glen Iris - East,41.0,23.229461756373937,0.926829268292683,92.6829268292683,0.0975609756097561,97.42663573253182,1154.928153,10.0,high_8_10,17650.0,valid,Metro
203021037,Belmont,51.0,33.49313719051685,0.8245614035087719,82.45614035087719,0.08771929824561403,110.58420156629074,995.2378865,5.0,middle_4_7,15227.0,valid,Regional
203021039,Geelong,244.0,177.8555288286318,0.8471760797342193,84.71760797342192,0.4019933554817276,171.40706338132298,1014.205833,6.0,middle_4_7,13719.0,valid,Regional
207011152,Hawthorn East,91.0,51.878456188358705,0.945054945054945,94.5054945054945,0.31868131868131866,103.24164034910679,1131.806476,10.0,high_8_10,17541.0,valid,Metro
203021040,Geelong West - Hamlyn Heights,82.0,36.58264554985501,0.8658536585365854,86.58536585365853,0.17073170731707318,110.4025684975255,1022.381816,7.0,middle_4_7,22415.0,valid,Regional
207011154,Kew East,23.0,34.0287024707797,0.8260869565217391,82.6086956521739,0.08695652173913043,87.86926147018407,1122.332717,10.0,high_8_10,6759.0,valid,Metro
203021042,Highton,28.0,10.85523765216717,0.71875,71.875,0.0625,178.57479878072195,1069.858943,8.0,high_8_10,25794.0,valid,Regional
203021043,Lara,32.0,13.360053440213761,0.5526315789473685,55.26315789473685,0.05263157894736842,304.1183161040687,993.8186843,5.0,middle_4_7,23952.0,valid,Regional
203021044,Leopold,18.0,12.978585334198572,0.8333333333333334,83.33333333333334,0.1111111111111111,230.45145132643916,982.6745151,5.0,middle_4_7,13869.0,valid,Regional
203021045,Newcomb - Moolap,25.0,16.461447290445776,0.96,96.0,0.08,177.25050052144786,890.5601456,1.0,low_1_3,15187.0,valid,Regional
203021046,Newtown (Vic.),42.0,40.41181564514577,0.7619047619047619,76.19047619047619,0.23809523809523808,189.50216123449826,1081.265616,9.0,high_8_10,10393.0,valid,Regional
207011155,Surrey Hills (West) - Canterbury,36.0,22.182512785753897,0.9166666666666666,91.66666666666666,0.08333333333333333,103.39004351607791,1142.502158,10.0,high_8_10,16229.0,valid,Metro
203021047,North Geelong - Bell Park,40.0,25.438819638768763,0.8095238095238095,80.95238095238095,0.19047619047619047,187.99651379409397,955.6139621,4.0,middle_4_7,15724.0,valid,Regional
203021485,Charlemont,10.0,6.618133686300463,1.0,100.0,0.09090909090909091,137.22930261942452,1021.4431569999999,6.0,middle_4_7,15110.0,valid,Regional
203021486,Corio - Lovely Banks,33.0,17.851346965271016,0.42857142857142855,42.857142857142854,0.08571428571428572,428.58792985980915,848.5632699,1.0,low_1_3,18486.0,valid,Regional
203021487,Grovedale - Mount Duneed,43.0,15.042854644044079,0.8125,81.25,0.10416666666666667,174.09622949448305,1002.9152770000001,6.0,middle_4_7,28585.0,valid,Regional
203021488,Norlane,22.0,24.906600249066003,0.45454545454545453,45.45454545454545,0.045454545454545456,409.3736411216676,787.6768903,1.0,low_1_3,8833.0,valid,Regional
203031048,Clifton Springs,47.0,26.23939258597588,0.5106382978723404,51.06382978723404,0.10638297872340426,364.7262972946102,974.4905936,5.0,middle_4_7,17912.0,valid,Regional
203031049,Lorne - Anglesea,77.0,122.0865704772475,0.7142857142857143,71.42857142857143,0.33766233766233766,257.8465485540063,1064.802649,8.0,high_8_10,6307.0,valid,Regional
207011519,Hawthorn - North,56.0,51.329055912007334,0.9464285714285714,94.64285714285714,0.125,66.60486663062233,1132.588814,10.0,high_8_10,10910.0,valid,Metro
203031051,Portarlington,50.0,45.98123965422108,0.68,68.0,0.16,199.2847409037987,971.6667075,4.0,middle_4_7,10874.0,valid,Regional
203031052,Point Lonsdale - Queenscliff,55.0,90.86403436312573,0.8363636363636363,83.63636363636363,0.18181818181818182,116.52813505056707,1063.928002,8.0,high_8_10,6053.0,valid,Regional
203031053,Torquay,99.0,37.24464843309131,0.7876106194690266,78.76106194690266,0.19469026548672566,181.1861167737399,1092.207794,9.0,high_8_10,26581.0,valid,Regional
207011520,Hawthorn - South,75.0,55.30157793835718,0.9466666666666667,94.66666666666667,0.26666666666666666,69.5604057599461,1124.666092,10.0,high_8_10,13562.0,valid,Metro
207011521,Kew - South,45.0,36.56752803510483,0.9777777777777777,97.77777777777777,0.2222222222222222,81.84418759287912,1143.3908199999998,10.0,high_8_10,12306.0,valid,Metro
203031489,Barwon Heads - Armstrong Creek,40.0,25.398437996063244,0.675,67.5,0.125,177.38839117440375,1063.606608,8.0,high_8_10,15749.0,valid,Regional
203031490,Ocean Grove,69.0,33.1858407079646,0.6376811594202898,63.76811594202898,0.2318840579710145,317.77562741278797,1054.581768,8.0,high_8_10,20792.0,valid,Regional
204011054,Alexandra,62.0,90.52416411154913,0.6018518518518519,60.18518518518518,0.26851851851851855,291.4449849298604,952.753785,4.0,middle_4_7,6849.0,valid,Regional
204011055,Euroa,40.0,58.13953488372093,0.3125,31.25,0.171875,960.3441443626388,951.4809861,4.0,middle_4_7,6880.0,valid,Regional
204011056,Kilmore - Broadford,43.0,25.757757278063973,0.5510204081632653,55.10204081632652,0.14285714285714285,258.0787616001814,965.5851436,4.0,middle_4_7,16694.0,valid,Regional
204011057,Mansfield (Vic.),122.0,107.73578240904274,0.22950819672131148,22.950819672131146,0.2540983606557377,23330.141497407916,989.8886033,5.0,middle_4_7,11324.0,valid,Regional
204011058,Nagambie,55.0,111.42625607779578,0.2,20.0,0.1,2206.5037903047073,959.0588792,4.0,middle_4_7,4936.0,valid,Regional
204011059,Seymour,33.0,47.749963825784974,0.8181818181818182,81.81818181818183,0.18181818181818182,172.70553065878642,883.5315207000001,1.0,low_1_3,6911.0,valid,Regional
204011060,Seymour Surrounds,21.0,46.79144385026738,0.3333333333333333,33.33333333333333,0.047619047619047616,2119.344985421712,1010.0491629999999,6.0,middle_4_7,4488.0,valid,Regional
204011061,Upper Yarra Valley,2.0,84.7457627118644,0.0,0.0,0.0,8950.025026079464,893.1276233,2.0,low_1_3,236.0,valid,Metro
204011062,Yea,31.0,70.97069597069597,0.45161290322580644,45.16129032258064,0.16129032258064516,1278.9826615021843,968.8824473,4.0,middle_4_7,4368.0,valid,Regional
204021063,Benalla,36.0,33.1461191418838,0.8421052631578947,84.21052631578947,0.15789473684210525,170.551852219501,921.8295863000001,2.0,low_1_3,10861.0,valid,Regional
204021064,Benalla Surrounds,27.0,70.88474665266475,0.07407407407407407,7.4074074074074066,0.18518518518518517,15949.603627056227,986.3382783000001,5.0,middle_4_7,3809.0,valid,Regional
204021065,Rutherglen,53.0,128.64077669902912,0.4268292682926829,42.68292682926829,0.10975609756097561,717.9003810062145,954.3896748999999,4.0,middle_4_7,4120.0,valid,Regional
207011522,Kew - West,39.0,28.262917602724833,0.9743589743589743,97.43589743589743,0.23076923076923078,103.76302049682064,1125.5548789999998,10.0,high_8_10,13799.0,valid,Metro
204021066,Wangaratta,66.0,32.96867975423348,0.9054054054054054,90.54054054054053,0.28378378378378377,202.6169559894192,935.0106376,3.0,low_1_3,20019.0,valid,Regional
204021067,Wangaratta Surrounds,93.0,92.35352532274081,0.26732673267326734,26.732673267326735,0.039603960396039604,2183.6317656456945,999.6783618000001,6.0,middle_4_7,10070.0,valid,Regional
204031068,Beechworth,69.0,139.05683192261185,0.46616541353383456,46.616541353383454,0.09022556390977443,582.362142286973,1010.480363,6.0,middle_4_7,4962.0,valid,Regional
204031069,Bright - Mount Beauty,186.0,207.2192513368984,0.34627831715210355,34.627831715210355,0.1650485436893204,1151.1066604797531,1010.900579,6.0,middle_4_7,8976.0,valid,Regional
207021156,Bulleen,22.0,18.62828111769687,0.6818181818181818,68.18181818181817,0.045454545454545456,244.9487880514913,1061.388847,8.0,high_8_10,11810.0,valid,Metro
204031070,Chiltern - Indigo Valley,14.0,42.98434141848327,0.4,40.0,0.06666666666666667,458.7020078724928,969.1443628000001,4.0,middle_4_7,3257.0,valid,Regional
204031071,Myrtleford,42.0,90.61488673139158,0.43373493975903615,43.373493975903614,0.12048192771084337,828.5069565277461,950.7080896,4.0,middle_4_7,4635.0,valid,Regional
204031072,Towong,42.0,68.23720552396425,0.35714285714285715,35.714285714285715,0.23809523809523808,773.927066550943,967.9935018,4.0,middle_4_7,6155.0,valid,Regional
205011076,Drouin,42.0,18.989058685233744,0.64,64.0,0.16,234.70037853851375,952.6073417,4.0,middle_4_7,22118.0,valid,Regional
205011077,Mount Baw Baw Region,42.0,62.22222222222222,0.0,0.0,0.07142857142857142,25417.571083586008,985.1404377,5.0,middle_4_7,6750.0,valid,Regional
205011078,Trafalgar (Vic.),29.0,33.650498955674166,0.6111111111111112,61.111111111111114,0.16666666666666666,310.937815781733,967.4425529,4.0,middle_4_7,8618.0,valid,Regional
205011079,Warragul,69.0,27.17391304347826,0.7619047619047619,76.19047619047619,0.16666666666666666,172.07931063745303,984.5982613,5.0,middle_4_7,25392.0,valid,Regional
205021080,Alps - East,0.0,,,,,,,,,0.0,zero_population,
205021081,Bairnsdale,60.0,37.69554564302319,0.7432432432432432,74.32432432432432,0.3108108108108108,262.8122995554766,920.4514584,2.0,low_1_3,15917.0,valid,Regional
205021082,Bruthen - Omeo,57.0,65.88833660848458,0.3157894736842105,31.57894736842105,0.19298245614035087,1812.144682689981,959.7596111,4.0,middle_4_7,8651.0,valid,Regional
205021083,Lake King,0.0,,,,,,,,,0.0,zero_population,
205021084,Lakes Entrance,59.0,52.06954372959139,0.6027397260273972,60.273972602739725,0.2054794520547945,210.8553674406164,923.2499811,2.0,low_1_3,11331.0,valid,Regional
205021085,Orbost,41.0,60.94841682770923,0.6428571428571429,64.28571428571429,0.23214285714285715,227.94915097076864,911.9637868,2.0,low_1_3,6727.0,valid,Regional
205021086,Paynesville,18.0,25.034770514603615,0.5,50.0,0.2857142857142857,370.26158543374385,949.9164029,3.0,low_1_3,7190.0,valid,Regional
205031087,Foster,65.0,67.49039559754958,0.32432432432432434,32.432432432432435,0.13513513513513514,4205.322583006028,970.5993998,4.0,middle_4_7,9631.0,valid,Regional
205031088,French Island,3.0,225.56390977443607,0.0,0.0,0.0,8891.502640584264,998.4028595,6.0,middle_4_7,133.0,valid,Regional
205041096,Morwell,47.0,32.44287982328984,0.8113207547169812,81.13207547169812,0.05660377358490566,232.4607441623394,820.2773596,1.0,low_1_3,14487.0,valid,Regional
205041098,Yallourn North - Glengarry,15.0,30.168946098149636,0.6,60.0,0.0,252.53203957305743,950.2252198,3.0,low_1_3,4972.0,valid,Regional
205041493,Traralgon - East,75.0,60.66979453162919,0.98,98.0,0.42,179.5499331505162,925.6562427,3.0,low_1_3,12362.0,valid,Regional
205041494,Traralgon - West,18.0,10.443258296588535,0.8888888888888888,88.88888888888889,0.1111111111111111,210.91749706871656,977.5696271,5.0,middle_4_7,17236.0,valid,Regional
205051099,Alps - West,1.0,434.7826086956522,0.0,0.0,0.0,42000.5719601819,,,,23.0,valid,Regional
205051100,Longford - Loch Sport,20.0,40.05607850991388,0.5,50.0,0.05,351.487185601369,948.4035503,3.0,low_1_3,4993.0,valid,Regional
205051101,Maffra,55.0,35.372049649495146,0.453125,45.3125,0.171875,444.4596237515967,939.758022,3.0,low_1_3,15549.0,valid,Regional
205051102,Rosedale,19.0,37.84860557768925,0.5909090909090909,59.09090909090909,0.13636363636363635,326.0885372651638,953.9736264000001,4.0,middle_4_7,5020.0,valid,Regional
205051103,Sale,55.0,36.108193277310924,0.8387096774193549,83.87096774193549,0.1935483870967742,197.7762474457394,950.3163909,3.0,low_1_3,15232.0,valid,Regional
205051104,Yarram,33.0,59.06568820476105,0.5064935064935064,50.649350649350644,0.15584415584415584,367.25806819533926,917.1148926,2.0,low_1_3,5587.0,valid,Regional
206011106,Brunswick East,83.0,56.48948478867488,1.0,100.0,0.3614457831325301,121.43952565658252,1116.571164,10.0,high_8_10,14693.0,valid,Metro
207021157,Doncaster,55.0,19.398300003526963,0.9821428571428571,98.21428571428571,0.23214285714285715,138.78570843729682,1056.535182,8.0,high_8_10,28353.0,valid,Metro
207021159,Templestowe,31.0,17.77319114780415,0.9032258064516129,90.32258064516128,0.0967741935483871,80.22898142944422,1093.8146219999999,9.0,high_8_10,17442.0,valid,Metro
207021160,Templestowe Lower,22.0,14.971078598162642,0.8181818181818182,81.81818181818183,0.045454545454545456,165.66737874885112,1071.0034600000001,8.0,high_8_10,14695.0,valid,Metro
207021424,Doncaster East - North,28.0,16.82490085326283,0.9642857142857143,96.42857142857143,0.14285714285714285,86.40282885121016,1078.9779640000002,9.0,high_8_10,16642.0,valid,Metro
207021425,Doncaster East - South,49.0,28.852381793558262,1.0,100.0,0.12244897959183673,129.92995731856112,1049.757957,8.0,high_8_10,16983.0,valid,Metro
207031161,Blackburn,46.0,19.383111410753415,0.9565217391304348,95.65217391304348,0.21739130434782608,124.83884688577398,1087.0958560000001,9.0,high_8_10,23732.0,valid,Metro
207031162,Blackburn South,13.0,11.741329479768787,0.9230769230769231,92.3076923076923,0.07692307692307693,93.30618403858378,1070.929324,8.0,high_8_10,11072.0,valid,Metro
207031163,Box Hill,112.0,41.167389546423586,0.9912280701754386,99.12280701754386,0.21929824561403508,76.0129398218,1041.129945,7.0,middle_4_7,27206.0,valid,Metro
207031164,Box Hill North,14.0,7.085020242914981,0.9285714285714286,92.85714285714286,0.0,82.84782577755388,1074.66287,9.0,high_8_10,19760.0,valid,Metro
207031165,Burwood (Vic.),23.0,14.857881136950905,0.9565217391304348,95.65217391304348,0.21739130434782608,62.02779435720313,1048.687517,8.0,high_8_10,15480.0,valid,Metro
207031166,Burwood East,45.0,36.115569823434996,0.9111111111111111,91.11111111111111,0.28888888888888886,90.79436518427381,1047.014613,8.0,high_8_10,12460.0,valid,Metro
207031167,Surrey Hills (East) - Mont Albert,13.0,12.063845582776539,0.8461538461538461,84.61538461538461,0.07692307692307693,148.20808669603986,1130.291656,10.0,high_8_10,10776.0,valid,Metro
208011168,Beaumaris,43.0,29.683832666022365,0.9767441860465116,97.67441860465115,0.11627906976744186,110.36291509698334,1133.826779,10.0,high_8_10,14486.0,valid,Metro
208011169,Brighton (Vic.),131.0,53.82087099424815,0.9741935483870968,97.41935483870968,0.27741935483870966,82.13193202656078,1145.504906,10.0,high_8_10,24340.0,valid,Metro
208011170,Brighton East,27.0,15.440924167905752,0.7777777777777778,77.77777777777779,0.1111111111111111,169.4159335450725,1133.055443,10.0,high_8_10,17486.0,valid,Metro
208011171,Highett (West) - Cheltenham,44.0,33.190012823414044,0.7954545454545454,79.54545454545455,0.11363636363636363,116.29964347499762,1098.37388,9.0,high_8_10,13257.0,valid,Metro
208011172,Hampton,71.0,36.36549887318173,0.9863013698630136,98.63013698630137,0.1506849315068493,90.93268531317085,1115.299492,10.0,high_8_10,19524.0,valid,Metro
208011173,Sandringham - Black Rock,79.0,43.71645177355985,0.8734177215189873,87.34177215189874,0.16455696202531644,126.93256837902706,1124.983588,10.0,high_8_10,18071.0,valid,Metro
208021174,Bentleigh - McKinnon,68.0,25.21693985018171,1.0,100.0,0.10294117647058823,88.44640477172484,1101.8645609999999,9.0,high_8_10,26966.0,valid,Metro
208021176,Carnegie,80.0,37.61873412959654,0.9125,91.25,0.1,99.38036259883307,1086.828298,9.0,high_8_10,21266.0,valid,Metro
208021177,Caulfield - North,42.0,17.048914146539477,1.0,100.0,0.23255813953488372,93.54486648575377,1121.634159,10.0,high_8_10,24635.0,valid,Metro
208021178,Caulfield - South,32.0,16.644127743680432,1.0,100.0,0.15625,88.20061990363044,1119.928746,10.0,high_8_10,19226.0,valid,Metro
208021179,Elsternwick,73.0,56.91120293131675,0.9871794871794872,98.71794871794873,0.2692307692307692,53.544317274920814,1118.238168,10.0,high_8_10,12827.0,valid,Metro
208021180,Hughesdale,11.0,13.526807673389081,0.9090909090909091,90.9090909090909,0.18181818181818182,93.11965383258223,1073.0157689999999,8.0,high_8_10,8132.0,valid,Metro
208021181,Murrumbeena,17.0,16.788465336756865,0.9411764705882353,94.11764705882352,0.23529411764705882,89.28763744546296,1098.602989,9.0,high_8_10,10126.0,valid,Metro
208021182,Ormond - Glen Huntly,45.0,29.689252490598403,0.9111111111111111,91.11111111111111,0.2222222222222222,52.03601859574524,1090.081656,9.0,high_8_10,15157.0,valid,Metro
208021426,Bentleigh East - North,35.0,19.582610641750126,1.0,100.0,0.11428571428571428,74.690942123636,1090.89969,9.0,high_8_10,17873.0,valid,Metro
208021427,Bentleigh East - South,21.0,14.047762392133253,0.9523809523809523,95.23809523809523,0.047619047619047616,84.19306726968784,1089.6788649999999,9.0,high_8_10,14949.0,valid,Metro
208031183,Aspendale Gardens - Waterways,6.0,6.620324395895399,0.6666666666666666,66.66666666666666,0.3333333333333333,276.92926648570193,1079.41842,9.0,high_8_10,9063.0,valid,Metro
208031184,Braeside,29.0,10357.142857142859,0.8275862068965517,82.75862068965517,0.2413793103448276,226.98535061284167,,,,28.0,valid,Metro
208031185,Carrum - Patterson Lakes,35.0,28.049366885718868,1.0,100.0,0.11428571428571428,95.1354643151221,1032.5637339999998,7.0,middle_4_7,12478.0,valid,Metro
208031186,Chelsea - Bonbeach,36.0,22.41873209615145,0.8055555555555556,80.55555555555556,0.05555555555555555,161.25543417411455,1037.217624,7.0,middle_4_7,16058.0,valid,Metro
208031187,Chelsea Heights,11.0,20.2020202020202,1.0,100.0,0.18181818181818182,107.765751249699,1023.722388,7.0,middle_4_7,5445.0,valid,Metro
208031188,Highett (East) - Cheltenham ,92.0,,0.9519230769230769,95.1923076923077,0.21153846153846154,162.88282805244233,1055.189922,8.0,high_8_10,,missing_population,Metro
208031189,Edithvale - Aspendale,25.0,17.40341106856944,0.88,88.0,0.12,119.41497160925591,1076.7860950000002,9.0,high_8_10,14365.0,valid,Metro
208031190,Mentone,36.0,25.43270929000353,0.9230769230769231,92.3076923076923,0.23076923076923078,116.4002186829057,1072.274306,8.0,high_8_10,14155.0,valid,Metro
208031191,Moorabbin - Heatherton,75.0,76.3281090983106,0.7272727272727273,72.72727272727273,0.23376623376623376,142.72801758261548,1065.619442,8.0,high_8_10,9826.0,valid,Metro
208031192,Moorabbin Airport,8.0,3076.923076923077,0.75,75.0,0.0,161.9491854719601,,,,26.0,valid,Metro
208031193,Mordialloc - Parkdale,81.0,36.101083032490976,0.9259259259259259,92.5925925925926,0.2222222222222222,116.72530083463944,1082.14155,9.0,high_8_10,22437.0,valid,Metro
208041194,Malvern - Glen Iris,80.0,36.663611365719525,0.9875,98.75,0.125,80.5389302016375,1136.947422,10.0,high_8_10,21820.0,valid,Metro
208041195,Malvern East,110.0,45.840973495582595,1.0,100.0,0.35454545454545455,180.3005924937982,1127.588896,10.0,high_8_10,23996.0,valid,Metro
209011196,Bundoora - East,21.0,20.31144211238998,0.9523809523809523,95.23809523809523,0.047619047619047616,85.11003248107158,1016.878996,6.0,middle_4_7,10339.0,valid,Metro
209011197,Greensborough,51.0,23.84737678855326,0.8823529411764706,88.23529411764706,0.09803921568627451,85.20519196552489,1061.073469,8.0,high_8_10,21386.0,valid,Metro
209011198,Heidelberg - Rosanna,49.0,28.951255539143276,0.8775510204081632,87.75510204081633,0.061224489795918366,132.33276183108632,1089.484204,9.0,high_8_10,16925.0,valid,Metro
209011199,Heidelberg West,26.0,15.095215977705527,0.7307692307692307,73.07692307692307,0.038461538461538464,127.26990036775965,990.7123551000001,5.0,middle_4_7,17224.0,valid,Metro
212031308,Pearcedale - Tooradin,19.0,22.969052224371374,0.5789473684210527,57.89473684210527,0.0,257.71425006799035,987.5223440999999,5.0,middle_4_7,8272.0,valid,Metro
209011200,Ivanhoe,47.0,35.63845920533819,0.9361702127659575,93.61702127659575,0.2553191489361702,111.86370891945259,1115.468566,10.0,high_8_10,13188.0,valid,Metro
209011201,Ivanhoe East - Eaglemont,16.0,19.586240665932184,0.9375,93.75,0.125,160.6649259068252,1147.223647,10.0,high_8_10,8169.0,valid,Metro
209011202,Montmorency - Briar Hill,33.0,19.363924422016197,0.8484848484848485,84.84848484848484,0.09090909090909091,121.8560098996643,1073.217266,8.0,high_8_10,17042.0,valid,Metro
212031457,Narre Warren South - East,11.0,8.447243127015819,0.9090909090909091,90.9090909090909,0.09090909090909091,124.21589630580793,1023.162493,7.0,middle_4_7,13022.0,valid,Metro
209011203,Viewbank - Yallambie,14.0,7.371136734586426,0.9285714285714286,92.85714285714286,0.07142857142857142,150.02332274455568,1067.742201,8.0,high_8_10,18993.0,valid,Metro
209011204,Watsonia,11.0,11.574074074074073,1.0,100.0,0.09090909090909091,114.91243686857322,1034.861733,7.0,middle_4_7,9504.0,valid,Metro
209021205,Kingsbury,34.0,26.29137024435509,0.8235294117647058,82.35294117647058,0.058823529411764705,118.32356841048976,1032.7296079999999,7.0,middle_4_7,12932.0,valid,Metro
212031458,Narre Warren South - West,4.0,2.3415091026166364,1.0,100.0,0.0,91.4565782565065,964.8068453999999,4.0,middle_4_7,17083.0,valid,Metro
209021428,Preston - East,132.0,56.40302525317267,0.9848484848484849,98.48484848484848,0.2878787878787879,102.8812050397959,1031.4978350000001,7.0,middle_4_7,23403.0,valid,Metro
209021429,Preston - West,16.0,11.756061719324027,0.9375,93.75,0.0,50.53627138044993,1056.286654,8.0,high_8_10,13610.0,valid,Metro
212031555,Clyde North - North,5.0,3.6584473549425627,0.8,80.0,0.6,105.01247181259139,1067.1091139999999,8.0,high_8_10,13667.0,valid,Metro
209021523,Reservoir - North East,18.0,11.023332720925959,0.8333333333333334,83.33333333333334,0.2777777777777778,268.82422268444606,983.0822093999999,5.0,middle_4_7,16329.0,valid,Metro
209021524,Reservoir - North West,8.0,8.204286739821557,1.0,100.0,0.0,82.08527858325638,964.8040145,4.0,middle_4_7,9751.0,valid,Metro
209021525,Reservoir - South East,33.0,23.33309764547833,0.9714285714285714,97.14285714285714,0.2571428571428571,47.04607954316614,977.7348578,5.0,middle_4_7,14143.0,valid,Metro
209021526,Reservoir - South West,29.0,18.892508143322477,0.9655172413793104,96.55172413793103,0.10344827586206896,80.4874616248421,1017.043698,6.0,middle_4_7,15350.0,valid,Metro
209031209,Eltham,55.0,23.23714563352909,0.9454545454545454,94.54545454545455,0.2909090909090909,154.2539687585952,1099.317726,9.0,high_8_10,23669.0,valid,Metro
212031556,Clyde North - South,11.0,3.883083874611692,0.9090909090909091,90.9090909090909,0.2727272727272727,192.50937131760583,1041.8191829999998,7.0,middle_4_7,28328.0,valid,Metro
212031557,Cranbourne East - North,13.0,5.1770140575843255,1.0,100.0,0.0,64.92488089996597,983.8718295,5.0,middle_4_7,25111.0,valid,Metro
209031210,Hurstbridge,15.0,42.60153365521158,0.8,80.0,0.13333333333333333,234.11877061968363,1048.459988,8.0,high_8_10,3521.0,valid,Metro
212031558,Cranbourne East - South,8.0,5.131494547787043,0.75,75.0,0.0,183.19628967658755,1004.3667,6.0,middle_4_7,15590.0,valid,Metro
212031559,Cranbourne North - East,7.0,5.112847856255934,1.0,100.0,0.2857142857142857,109.84993029126535,1011.8648979999999,6.0,middle_4_7,13691.0,valid,Metro
212031560,Cranbourne North - West,11.0,8.933647364574028,1.0,100.0,0.0,72.79974942161212,931.2384562,3.0,low_1_3,12313.0,valid,Metro
212031561,Hampton Park - East,3.0,2.2399761069215263,1.0,100.0,0.3333333333333333,88.75674933631457,917.1539654000001,2.0,low_1_3,13393.0,valid,Metro
209031211,Kinglake,15.0,33.944331296673454,0.4,40.0,0.13333333333333333,1897.9998717973767,1002.2221609999999,6.0,middle_4_7,4419.0,valid,Regional
209031212,Panton Hill - St Andrews,17.0,33.13840155945419,0.0,0.0,0.11764705882352941,8827.822913622498,1075.9690970000001,9.0,high_8_10,5130.0,valid,Metro
212031562,Hampton Park - West,15.0,10.910677916787897,1.0,100.0,0.06666666666666667,110.16213385382511,897.7903508,2.0,low_1_3,13748.0,valid,Metro
209031213,Plenty - Yarrambat,21.0,21.922956467272158,0.8095238095238095,80.95238095238095,0.14285714285714285,257.39595753176343,1089.5637259999999,9.0,high_8_10,9579.0,valid,Metro
209031214,Research - North Warrandyte,21.0,29.83378320784202,0.5714285714285714,57.14285714285714,0.0,236.75586621855444,1116.330245,10.0,high_8_10,7039.0,valid,Metro
209031215,Wattle Glen - Diamond Creek,21.0,14.13284877851807,0.9047619047619048,90.47619047619048,0.09523809523809523,176.91248854230906,1069.3594130000001,8.0,high_8_10,14859.0,valid,Metro
209041216,Bundoora - North,17.0,21.212877464437234,1.0,100.0,0.2222222222222222,92.62145568058855,1033.230778,7.0,middle_4_7,8014.0,valid,Metro
209041217,Bundoora - West,13.0,19.100793417572728,1.0,100.0,0.15384615384615385,153.5865068228583,982.1195787,5.0,middle_4_7,6806.0,valid,Metro
212041309,Clarinda - Oakleigh South,9.0,7.6654458734349715,0.7777777777777778,77.77777777777779,0.0,89.96865280826857,995.4821608999999,5.0,middle_4_7,11741.0,valid,Metro
209041220,Mill Park - North,47.0,26.68938103350369,1.0,100.0,0.19148936170212766,141.24180984003206,992.6267306,5.0,middle_4_7,17610.0,valid,Metro
209041221,Mill Park - South,3.0,2.6100574212632677,1.0,100.0,0.3333333333333333,177.73592476049936,974.3562258,5.0,middle_4_7,11494.0,valid,Metro
209041223,Thomastown,40.0,19.422189851905802,0.75,75.0,0.175,187.17880646538913,900.0117787,2.0,low_1_3,20595.0,valid,Metro
209041224,Wallan,24.0,7.909827961241843,0.7419354838709677,74.19354838709677,0.12903225806451613,208.79083625288632,985.8695634000001,5.0,middle_4_7,30342.0,valid,Regional
209041225,Whittlesea,20.0,11.004732034774953,0.7916666666666666,79.16666666666666,0.16666666666666666,86.41578737700686,999.008742,6.0,middle_4_7,18174.0,valid,Metro
209041431,Epping - East,2.0,1.4754703061600885,1.0,100.0,0.0,200.10875422994363,945.4506041,3.0,low_1_3,13555.0,valid,Metro
209041432,Epping - South,56.0,67.29151646238884,0.875,87.5,0.3392857142857143,169.08685064116315,920.2755655,2.0,low_1_3,8322.0,valid,Metro
209041433,Epping (Vic.) - West,23.0,17.836370686312524,0.8695652173913043,86.95652173913044,0.08695652173913043,178.81270612129825,988.0454155,5.0,middle_4_7,12895.0,valid,Metro
209041435,South Morang - North,6.0,4.525228146919074,1.0,100.0,0.0,137.48255925056338,1031.646039,7.0,middle_4_7,13259.0,valid,Metro
212041310,Clayton South,18.0,11.727148348426608,0.7222222222222222,72.22222222222221,0.05555555555555555,174.84559549229908,978.5448926,5.0,middle_4_7,15349.0,valid,Metro
209041436,South Morang - South,14.0,10.72468208978091,0.8571428571428571,85.71428571428571,0.2857142857142857,119.48600986497345,997.1567748,6.0,middle_4_7,13054.0,valid,Metro
209041437,Wollert,7.0,1.9095422554421955,0.5714285714285714,57.14285714285714,0.2857142857142857,224.54409543170706,1002.137436,6.0,middle_4_7,36658.0,valid,Metro
209041527,Doreen - North,13.0,7.521842272753573,1.0,100.0,0.3076923076923077,111.65051473083227,1027.0029299999999,7.0,middle_4_7,17283.0,valid,Metro
209041528,Doreen - South,3.0,2.5110906503724784,1.0,100.0,0.0,47.28052206317503,1021.793786,7.0,middle_4_7,11947.0,valid,Metro
209041529,Lalor - East,16.0,15.605188725251146,1.0,100.0,0.0,149.23620192890328,896.0665509,2.0,low_1_3,10253.0,valid,Metro
209041530,Lalor - West,8.0,5.745062836624776,0.625,62.5,0.25,123.02220934207767,934.6446195,3.0,low_1_3,13925.0,valid,Metro
209041531,Mernda - North,6.0,4.97471188127021,1.0,100.0,0.16666666666666666,59.965198892309246,1002.5414189999999,6.0,middle_4_7,12061.0,valid,Metro
209041532,Mernda - South,8.0,5.774505557961599,0.875,87.5,0.25,134.78949603023963,1015.535759,6.0,middle_4_7,13854.0,valid,Metro
210011226,Airport West,21.0,23.9098257998406,0.9523809523809523,95.23809523809523,0.14285714285714285,163.69519908540394,1018.3820979999999,6.0,middle_4_7,8783.0,valid,Metro
210011227,Essendon Airport,8.0,5714.285714285714,0.875,87.5,0.25,205.64424725362917,,,,14.0,valid,Metro
210011228,Keilor,39.0,44.66330737517178,0.5128205128205128,51.28205128205128,0.10256410256410256,390.3435959050533,1034.505385,7.0,middle_4_7,8732.0,valid,Metro
210011230,Niddrie - Essendon West,20.0,24.85089463220676,1.0,100.0,0.21212121212121213,57.898002024586674,1072.629185,8.0,high_8_10,8048.0,valid,Metro
210011231,Strathmore,25.0,23.72817008352316,1.0,100.0,0.08,177.4241132997029,1099.5792379999998,9.0,high_8_10,10536.0,valid,Metro
210011533,Avondale Heights,10.0,7.7754451442345065,1.0,100.0,0.1,114.31390228109217,1011.716268,6.0,middle_4_7,12861.0,valid,Metro
210011534,Keilor East,25.0,15.979546180888464,0.8,80.0,0.08,183.7328196057226,1031.332274,7.0,middle_4_7,15645.0,valid,Metro
210021232,Gisborne,50.0,31.330283852371704,0.7,70.0,0.18,195.55919768447148,1067.885942,8.0,high_8_10,15959.0,valid,Regional
210021233,Macedon,25.0,69.15629322268326,0.2,20.0,0.12,2991.0776913405566,1108.42211,9.0,high_8_10,3615.0,valid,Regional
210021234,Riddells Creek,11.0,23.970363913706688,0.7368421052631579,73.68421052631578,0.3157894736842105,218.87010158223453,1047.98479,8.0,high_8_10,4589.0,valid,Regional
210021235,Romsey,49.0,42.36189158813867,0.4492753623188406,44.927536231884055,0.11594202898550725,615.1578588811168,1016.020035,6.0,middle_4_7,11567.0,valid,Regional
210031236,Coburg North,29.0,32.46753246753247,0.8620689655172413,86.20689655172413,0.1724137931034483,154.29381456619637,1041.329365,7.0,middle_4_7,8932.0,valid,Metro
210031237,Fawkner,16.0,10.598834128245894,0.9375,93.75,0.125,129.25886661307868,952.2225662,4.0,middle_4_7,15096.0,valid,Metro
210031439,Gowanbrae,2.0,6.2208398133748055,1.0,100.0,0.0,95.97130284010336,1060.936901,8.0,high_8_10,3215.0,valid,Metro
210031440,Hadfield,9.0,13.533834586466165,0.8888888888888888,88.88888888888889,0.2222222222222222,204.6480238949111,976.0434118000001,5.0,middle_4_7,6650.0,valid,Metro
210031535,Glenroy - East,18.0,11.419870574800152,1.0,100.0,0.05555555555555555,146.21723168989928,961.3115012000001,4.0,middle_4_7,15762.0,valid,Metro
210031536,Glenroy - West,11.0,11.502666527240407,1.0,100.0,0.2727272727272727,112.5245690466011,1003.880555,6.0,middle_4_7,9563.0,valid,Metro
210031537,Oak Park,15.0,17.525411847178407,0.9333333333333333,93.33333333333333,0.13333333333333333,144.5808387769731,1070.97429,8.0,high_8_10,8559.0,valid,Metro
210031538,Pascoe Vale,30.0,16.065117275356112,0.9666666666666667,96.66666666666667,0.13333333333333333,73.73386261278068,1048.440745,8.0,high_8_10,18674.0,valid,Metro
210041240,Sunbury,7.0,4.556105180942462,0.8571428571428571,85.71428571428571,0.0,163.47720589314014,1013.27366,6.0,middle_4_7,15364.0,valid,Metro
210041539,Diggers Rest,9.0,12.106537530266344,0.8888888888888888,88.88888888888889,0.1111111111111111,235.1825115244475,1003.964289,6.0,middle_4_7,7434.0,valid,Regional
210041540,Sunbury - South,68.0,38.45501328960018,0.9052631578947369,90.52631578947368,0.3157894736842105,224.14992801117853,989.9389761,5.0,middle_4_7,17683.0,valid,Metro
210041541,Sunbury - West,8.0,6.958336957467165,0.5,50.0,0.25,2969.175123408833,997.2374907999999,6.0,middle_4_7,11497.0,valid,Metro
210051242,Broadmeadows,20.0,13.35826876836762,0.85,85.0,0.3,136.52751669670505,840.2318656,1.0,low_1_3,14972.0,valid,Metro
210051243,Campbellfield - Coolaroo,32.0,19.528866105211765,0.696969696969697,69.6969696969697,0.30303030303030304,230.0125124639988,836.205609,1.0,low_1_3,16386.0,valid,Metro
210051245,Gladstone Park - Westmeadows,25.0,13.672409078479628,0.88,88.0,0.16,162.98311669599423,965.1279923999999,4.0,middle_4_7,18285.0,valid,Metro
210051246,Greenvale - Bulla,13.0,4.85854169002504,0.46153846153846156,46.15384615384615,0.23076923076923078,421.7069894226899,1032.4170179999999,7.0,middle_4_7,26757.0,valid,Metro
210051247,Meadow Heights,1.0,0.6738090425173506,1.0,100.0,0.0,60.75012826208311,845.0414948,1.0,low_1_3,14841.0,valid,Metro
210051248,Melbourne Airport,63.0,4846.153846153846,0.7777777777777778,77.77777777777779,0.6190476190476191,136.7858955319902,1052.591701,8.0,high_8_10,130.0,valid,Metro
210051250,Tullamarine,13.0,19.325107774639513,0.6923076923076923,69.23076923076923,0.23076923076923078,202.6307472453307,951.8942791999999,4.0,middle_4_7,6727.0,valid,Metro
210051441,Craigieburn - Central,13.0,15.907978463044541,0.6923076923076923,69.23076923076923,0.07692307692307693,136.10515952174066,909.2907363,2.0,low_1_3,8172.0,valid,Metro
212041312,Dandenong North,12.0,5.130178273695011,1.0,100.0,0.0,164.6183858427455,933.8380036,3.0,low_1_3,23391.0,valid,Metro
210051442,Craigieburn - North,10.0,7.784524365561264,1.0,100.0,0.1,164.92582618293503,972.4036070999999,4.0,middle_4_7,12846.0,valid,Metro
210051443,Craigieburn - South,14.0,5.730424460726126,0.7142857142857143,71.42857142857143,0.14285714285714285,156.86247129305727,955.4765691,4.0,middle_4_7,24431.0,valid,Metro
210051445,Mickleham - Yuroke,12.0,3.046535834877758,0.75,75.0,0.4166666666666667,279.34739491753106,997.1454095,6.0,middle_4_7,39389.0,valid,Metro
210051542,Craigieburn - North West,2.0,1.7710085893916585,1.0,100.0,0.0,101.4136347458321,976.812772,5.0,middle_4_7,11293.0,valid,Metro
210051543,Craigieburn - West,21.0,14.028056112224448,1.0,100.0,0.23809523809523808,134.26273598873584,954.1256817999999,4.0,middle_4_7,14970.0,valid,Metro
212041313,Dingley Village,13.0,12.070566388115134,0.9230769230769231,92.3076923076923,0.07692307692307693,74.62528840958154,1048.481368,8.0,high_8_10,10770.0,valid,Metro
210051544,Roxburgh Park (South) - Somerton,11.0,11.341375399525724,0.9090909090909091,90.9090909090909,0.45454545454545453,96.10856180472979,920.168387,2.0,low_1_3,9699.0,valid,Metro
210051545,Roxburgh Park - North,4.0,2.5906735751295336,0.75,75.0,0.0,163.53620762124,898.5296715999999,2.0,low_1_3,15440.0,valid,Metro
211011251,Bayswater,48.0,35.8530026889752,0.875,87.5,0.08333333333333333,234.29757238383712,987.287705,5.0,middle_4_7,13388.0,valid,Metro
211011254,Knoxfield - Scoresby,37.0,21.471680594243267,0.7027027027027027,70.27027027027027,0.02702702702702703,216.37421452974525,1042.4572930000002,7.0,middle_4_7,17232.0,valid,Metro
211011255,Lysterfield,2.0,3.020235578375113,0.5,50.0,0.0,462.82468213238036,1088.4634010000002,9.0,high_8_10,6622.0,valid,Metro
211011256,Rowville - Central,21.0,13.315579227696405,1.0,100.0,0.19047619047619047,168.24753012581888,1040.55387,7.0,middle_4_7,15771.0,valid,Metro
211011257,Rowville - North,10.0,12.776287210936502,0.6,60.0,0.0,316.62433586835135,1072.506275,8.0,high_8_10,7827.0,valid,Metro
211011258,Rowville - South,14.0,13.235016071090943,0.9285714285714286,92.85714285714286,0.07142857142857142,125.93405838907144,1065.201177,8.0,high_8_10,10578.0,valid,Metro
212041316,Noble Park North,9.0,11.85302252074279,0.8888888888888888,88.88888888888889,0.0,227.60846797696388,935.8636371,3.0,low_1_3,7593.0,valid,Metro
211011259,Wantirna,28.0,19.13352466858002,0.9285714285714286,92.85714285714286,0.17857142857142858,114.46797626462902,1044.165675,7.0,middle_4_7,14634.0,valid,Metro
211011260,Wantirna South,77.0,41.67794316644113,0.8961038961038961,89.6103896103896,0.3246753246753247,148.6011058775924,1047.915974,8.0,high_8_10,18475.0,valid,Metro
212041317,Springvale,78.0,31.878371750858264,0.8589743589743589,85.8974358974359,0.24358974358974358,156.88742890047678,899.9440111,2.0,low_1_3,24468.0,valid,Metro
211011446,Boronia,49.0,19.787586318297457,0.9795918367346939,97.95918367346938,0.10204081632653061,130.51345944734337,991.5637436000001,5.0,middle_4_7,24763.0,valid,Metro
211011447,Ferntree Gully - North,22.0,15.132755537212821,1.0,100.0,0.13636363636363635,99.63029344451759,994.1483681999999,5.0,middle_4_7,14538.0,valid,Metro
211011448,Ferntree Gully (South) - Upper Ferntree Gully,43.0,27.51119641714651,0.9767441860465116,97.67441860465115,0.11627906976744186,113.57343191083488,1016.0726219999999,6.0,middle_4_7,15630.0,valid,Metro
211011449,The Basin,11.0,25.369003690036898,0.7272727272727273,72.72727272727273,0.09090909090909091,198.07368289973533,1025.222871,7.0,middle_4_7,4336.0,valid,Metro
211021261,Donvale - Park Orchards,19.0,11.246596424766189,0.7368421052631579,73.68421052631578,0.0,258.1308755978787,1098.253481,9.0,high_8_10,16894.0,valid,Metro
211021262,Warrandyte - Wonga Park,38.0,37.14928145468765,0.8157894736842105,81.57894736842105,0.18421052631578946,114.95776331772201,1106.3329910000002,9.0,high_8_10,10229.0,valid,Metro
211031263,Bayswater North,12.0,9.91981483012317,0.5833333333333334,58.333333333333336,0.08333333333333333,322.3113296841335,1001.366211,6.0,middle_4_7,12097.0,valid,Metro
211031265,Croydon Hills - Warranwood,13.0,7.043398168716476,0.9285714285714286,92.85714285714286,0.0,194.89239479169777,1075.124038,9.0,high_8_10,18457.0,valid,Metro
212041318,Springvale South,15.0,11.30028627391894,0.8666666666666667,86.66666666666667,0.13333333333333333,129.01949423704576,877.5680409,1.0,low_1_3,13274.0,valid,Metro
212041459,Noble Park - East,14.0,10.04664513814137,0.8571428571428571,85.71428571428571,0.14285714285714285,131.23159863353067,920.7359896,2.0,low_1_3,13935.0,valid,Metro
211031266,Ringwood,82.0,41.45811213913747,0.9024390243902439,90.2439024390244,0.23170731707317074,92.78992016588991,1021.815828,7.0,middle_4_7,19779.0,valid,Metro
211031267,Ringwood East,48.0,21.65674066053059,0.8125,81.25,0.0625,182.86067294972273,1048.483736,8.0,high_8_10,22164.0,valid,Metro
211031268,Ringwood North,16.0,16.261815225124504,1.0,100.0,0.0625,181.4044997546826,1085.118921,9.0,high_8_10,9839.0,valid,Metro
211031450,Croydon - East,49.0,28.250216200634192,0.9387755102040817,93.87755102040816,0.12244897959183673,118.98796794341608,990.7353752,5.0,middle_4_7,17345.0,valid,Metro
212041460,Noble Park - West,9.0,4.396033800615444,1.0,100.0,0.0,83.42531420279981,888.2891025,1.0,low_1_3,20473.0,valid,Metro
211031451,Croydon - West,26.0,17.402945113788487,0.8888888888888888,88.88888888888889,0.14814814814814814,112.9171011321129,1024.794882,7.0,middle_4_7,14940.0,valid,Metro
211031452,Croydon South,12.0,23.314552166310474,0.9166666666666666,91.66666666666666,0.16666666666666666,97.85189953182532,1025.687954,7.0,middle_4_7,5147.0,valid,Metro
211041269,Forest Hill,28.0,24.87562189054726,1.0,100.0,0.25,143.5636005801386,1035.514693,7.0,middle_4_7,11256.0,valid,Metro
211041270,Mitcham (Vic.),40.0,22.86236854138089,0.95,95.0,0.1,90.77528282493267,1074.610245,9.0,high_8_10,17496.0,valid,Metro
211041271,Nunawading,24.0,18.11730957952744,0.9166666666666666,91.66666666666666,0.125,113.9613668195465,1058.587276,8.0,high_8_10,13247.0,valid,Metro
211041272,Vermont,14.0,12.24311324879755,1.0,100.0,0.14285714285714285,100.48941653027723,1071.317148,8.0,high_8_10,11435.0,valid,Metro
212041563,Dandenong - North,56.0,24.00651605435761,0.9180327868852459,91.80327868852459,0.26229508196721313,176.00164991487705,871.9012969,1.0,low_1_3,23327.0,valid,Metro
211041273,Vermont South,15.0,12.244897959183673,0.6,60.0,0.2,94.8300270750721,1072.982368,8.0,high_8_10,12250.0,valid,Metro
211051274,Belgrave - Selby,41.0,41.148133279807304,0.8780487804878049,87.8048780487805,0.2682926829268293,107.63932914450636,1056.953148,8.0,high_8_10,9964.0,valid,Metro
211051275,Chirnside Park,33.0,26.184241847179244,0.45454545454545453,45.45454545454545,0.21212121212121213,449.01359601619265,1036.5710199999999,7.0,middle_4_7,12603.0,valid,Metro
211051276,Healesville - Yarra Glen,145.0,102.72031737035987,0.4267515923566879,42.675159235668794,0.10828025477707007,529.4752889881161,992.9918664,5.0,middle_4_7,14116.0,valid,Metro
211051277,Kilsyth,7.0,6.546950991395435,1.0,100.0,0.14285714285714285,100.06353462882834,985.4521838,5.0,middle_4_7,10692.0,valid,Metro
211051278,Lilydale - Coldstream,110.0,52.61899067208802,0.5,50.0,0.21311475409836064,410.8929123898749,1005.850269,6.0,middle_4_7,20905.0,valid,Metro
211051279,Monbulk - Silvan,28.0,47.945205479452056,0.6785714285714286,67.85714285714286,0.14285714285714285,168.69912002704712,1024.352821,7.0,middle_4_7,5840.0,valid,Metro
211051280,Montrose,15.0,21.726535341830825,0.9333333333333333,93.33333333333333,0.0,93.0494415788,1034.020205,7.0,middle_4_7,6904.0,valid,Metro
212041564,Dandenong - South,40.0,39.84460603645781,0.55,55.00000000000001,0.05,359.8261017524343,863.5324359,1.0,low_1_3,10039.0,valid,Metro
212041565,Keysborough - North,20.0,13.274042609676776,0.9,90.0,0.1,106.7152155723559,924.3530328999999,2.0,low_1_3,15067.0,valid,Metro
211051281,Mooroolbark,19.0,7.788481246157,0.631578947368421,63.1578947368421,0.10526315789473684,234.00387121987728,1009.410114,6.0,middle_4_7,24395.0,valid,Metro
212041566,Keysborough - South,22.0,12.852719518607232,0.5454545454545454,54.54545454545454,0.045454545454545456,203.71369071706215,1073.7116350000001,8.0,high_8_10,17117.0,valid,Metro
212051319,Ashwood - Chadstone,34.0,16.08401532712049,0.9117647058823529,91.17647058823529,0.20588235294117646,115.00422921709426,1067.372401,8.0,high_8_10,21139.0,valid,Metro
212051321,Glen Waverley - East,13.0,5.6967572304995615,1.0,100.0,0.07692307692307693,110.31841646781074,1084.129504,9.0,high_8_10,22820.0,valid,Metro
211051282,Mount Dandenong - Olinda,60.0,62.584750182538855,0.85,85.0,0.21666666666666667,130.77670032322192,1074.6560829999999,9.0,high_8_10,9587.0,valid,Metro
211051283,Mount Evelyn,19.0,18.91864980583491,0.8421052631578947,84.21052631578947,0.21052631578947367,204.3931302489348,1014.0279270000001,6.0,middle_4_7,10043.0,valid,Metro
211051284,Upwey - Tecoma,29.0,29.390898956116345,0.9310344827586207,93.10344827586206,0.0,90.79230929693685,1049.863945,8.0,high_8_10,9867.0,valid,Metro
211051285,Wandin - Seville,53.0,66.28314157078539,0.33962264150943394,33.9622641509434,0.05660377358490566,1545.3919811986966,1019.13383,6.0,middle_4_7,7996.0,valid,Metro
211051286,Yarra Valley,56.0,32.773453502662846,0.6071428571428571,60.71428571428571,0.10714285714285714,209.95395135389623,954.9791161,4.0,middle_4_7,17087.0,valid,Metro
212011289,Emerald - Cockatoo,56.0,29.407131229323113,0.5535714285714286,55.35714285714286,0.08928571428571429,264.86363460290386,1034.347974,7.0,middle_4_7,19043.0,valid,Metro
212011546,Beaconsfield - Officer,39.0,13.20959219617938,0.7045454545454546,70.45454545454545,0.22727272727272727,269.6135390258657,1036.4978150000002,7.0,middle_4_7,29524.0,valid,Metro
212051322,Glen Waverley - West,118.0,50.390741768800446,0.9745762711864406,97.45762711864407,0.3474576271186441,152.25778777274107,1073.5296700000001,8.0,high_8_10,23417.0,valid,Metro
212051323,Mount Waverley - North,20.0,11.433798307797849,0.65,65.0,0.15,164.51799352388025,1091.3929990000001,9.0,high_8_10,17492.0,valid,Metro
212011547,Bunyip - Garfield,25.0,24.117306579201234,0.5405405405405406,54.054054054054056,0.13513513513513514,329.6985548106268,1003.153017,6.0,middle_4_7,10366.0,valid,Metro
212011548,Koo Wee Rup,23.0,18.256866169233213,0.25,25.0,0.0625,1539.9619997351656,975.2945794,5.0,middle_4_7,12598.0,valid,Metro
212011549,Pakenham - North East,6.0,3.615982643283312,1.0,100.0,0.5,71.499351116623,949.4194421,3.0,low_1_3,16593.0,valid,Metro
212011550,Pakenham - North West,10.0,9.521995810321844,0.8823529411764706,88.23529411764706,0.17647058823529413,202.6040418021347,998.8319222,6.0,middle_4_7,10502.0,valid,Metro
212011551,Pakenham - South East,15.0,22.130421953378576,0.8421052631578947,84.21052631578947,0.21052631578947367,143.6904747236852,923.8537096,2.0,low_1_3,6778.0,valid,Metro
212011552,Pakenham - South West,35.0,12.413988791941549,0.8863636363636364,88.63636363636364,0.06818181818181818,150.79572589368104,968.2026502,4.0,middle_4_7,28194.0,valid,Metro
212021293,Berwick - North,52.0,21.999407708254008,0.8113207547169812,81.13207547169812,0.20754716981132076,130.00631166504795,1042.224476,7.0,middle_4_7,23637.0,valid,Metro
212051324,Mount Waverley - South,54.0,26.138728883295418,0.8148148148148148,81.48148148148148,0.2222222222222222,173.76699309050736,1091.595168,9.0,high_8_10,20659.0,valid,Metro
212021295,Doveton,14.0,10.858605444815018,1.0,100.0,0.14285714285714285,133.2556348589569,859.4678983,1.0,low_1_3,12893.0,valid,Metro
212021297,Hallam,14.0,11.65792322424848,0.7857142857142857,78.57142857142857,0.07142857142857142,163.49666218666317,925.1108341,2.0,low_1_3,12009.0,valid,Metro
212021299,Narre Warren North,9.0,10.926308121889036,0.2222222222222222,22.22222222222222,0.0,860.0708857392934,1065.706114,8.0,high_8_10,8237.0,valid,Metro
212021453,Endeavour Hills - North,8.0,6.570841889117043,0.625,62.5,0.0,184.70666154104975,988.5314923999999,5.0,middle_4_7,12175.0,valid,Metro
212021454,Endeavour Hills - South,11.0,8.12467685944309,0.9090909090909091,90.9090909090909,0.18181818181818182,153.85666267689282,995.6634602,5.0,middle_4_7,13539.0,valid,Metro
212021455,Narre Warren - North East,2.0,1.46864444118079,1.0,100.0,0.0,241.32695902493762,986.2639364,5.0,middle_4_7,13618.0,valid,Metro
212021456,Narre Warren - South West,42.0,27.124773960217,0.8863636363636364,88.63636363636364,0.2727272727272727,175.21002996839383,944.9125503,3.0,low_1_3,15484.0,valid,Metro
212021553,Berwick - South East,9.0,4.33421622923188,1.0,100.0,0.2222222222222222,149.7636269545426,1051.442887,8.0,high_8_10,20765.0,valid,Metro
212021554,Berwick - South West,9.0,6.796043192630068,0.7777777777777778,77.77777777777779,0.2222222222222222,147.13890203105663,1031.152249,7.0,middle_4_7,13243.0,valid,Metro
212031300,Cranbourne,34.0,14.972696846926192,0.8857142857142857,88.57142857142857,0.2,200.87616205970318,906.3431731000001,2.0,low_1_3,22708.0,valid,Metro
212031303,Cranbourne South,12.0,4.384682841274481,0.75,75.0,0.08333333333333333,302.63468751671485,1031.215261,7.0,middle_4_7,27368.0,valid,Metro
212031304,Cranbourne West,14.0,5.492349941153393,0.7857142857142857,78.57142857142857,0.14285714285714285,77.95789128883763,973.2029882,5.0,middle_4_7,25490.0,valid,Metro
212031306,Lynbrook - Lyndhurst,15.0,7.674597083653108,0.8,80.0,0.06666666666666667,206.89420142177028,1025.562421,7.0,middle_4_7,19545.0,valid,Metro
212051325,Mulgrave,29.0,13.762338648443432,0.8620689655172413,86.20689655172413,0.13793103448275862,224.25009465516908,1042.856354,7.0,middle_4_7,21072.0,valid,Metro
212051326,Oakleigh - Huntingdale,92.0,36.18201124788611,0.9239130434782609,92.3913043478261,0.2717391304347826,103.0258848966306,1055.89431,8.0,high_8_10,25427.0,valid,Metro
212051327,Wheelers Hill,26.0,12.217470983506415,1.0,100.0,0.07692307692307693,92.30494803320335,1080.047884,9.0,high_8_10,21281.0,valid,Metro
212051567,Clayton (North) - Notting Hill,44.0,29.5084166051908,0.9545454545454546,95.45454545454545,0.20454545454545456,171.5652347233374,1029.077294,7.0,middle_4_7,14911.0,valid,Metro
212051568,Clayton - Central,48.0,31.001743848091454,0.9615384615384616,96.15384615384616,0.17307692307692307,123.34077361984072,1012.550069,6.0,middle_4_7,15483.0,valid,Metro
213011328,Ardeer - Albion,16.0,20.113136392206158,0.6875,68.75,0.125,233.15476571342094,930.4513142999999,3.0,low_1_3,7955.0,valid,Metro
213011329,Cairnlea,9.0,8.968609865470851,0.8888888888888888,88.88888888888889,0.1111111111111111,216.34060249486882,967.7029089,4.0,middle_4_7,10035.0,valid,Metro
213011331,Delahey,4.0,5.089706069474488,1.0,100.0,0.0,80.96954201001665,902.078609,2.0,low_1_3,7859.0,valid,Metro
213011332,Keilor Downs,13.0,9.938837920489295,0.8461538461538461,84.61538461538461,0.15384615384615385,204.24316986901897,959.1433925,4.0,middle_4_7,13080.0,valid,Metro
213011333,Kings Park (Vic.),4.0,2.866150759529951,0.5,50.0,0.0,413.0681527968094,853.7161116999999,1.0,low_1_3,13956.0,valid,Metro
213011334,St Albans - North,24.0,11.417697431018079,0.9583333333333334,95.83333333333334,0.20833333333333334,103.5504453282027,862.8302583,1.0,low_1_3,21020.0,valid,Metro
213011335,St Albans - South,22.0,12.425868398757414,0.9545454545454546,95.45454545454545,0.13636363636363635,134.12748483753222,868.6841019,1.0,low_1_3,17705.0,valid,Metro
213011336,Sunshine,41.0,40.39010934883263,1.0,100.0,0.21428571428571427,139.04824953817393,956.8082085000001,4.0,middle_4_7,10151.0,valid,Metro
213011337,Sunshine North,23.0,18.037800956787702,0.5652173913043478,56.52173913043478,0.30434782608695654,276.8355951166526,903.5269370999999,2.0,low_1_3,12751.0,valid,Metro
213011338,Sunshine West,28.0,14.978869095383297,0.8214285714285714,82.14285714285714,0.10714285714285714,126.27155637767274,906.4637774,2.0,low_1_3,18693.0,valid,Metro
213011339,Sydenham,9.0,7.484407484407485,1.0,100.0,0.4,130.31903064189947,967.8472499000001,4.0,middle_4_7,12025.0,valid,Metro
213011340,Taylors Lakes,37.0,21.89867424242424,0.8809523809523809,88.09523809523809,0.35714285714285715,120.11499890284658,1025.7405410000001,7.0,middle_4_7,16896.0,valid,Metro
213011569,Deer Park,17.0,9.255226480836237,0.8823529411764706,88.23529411764706,0.17647058823529413,131.2574733125419,911.5007986,2.0,low_1_3,18368.0,valid,Metro
213011570,Derrimut,22.0,24.55905336012503,0.5909090909090909,59.09090909090909,0.09090909090909091,261.9159460499354,994.6971161,5.0,middle_4_7,8958.0,valid,Metro
213021341,Altona,46.0,31.882450790130303,0.8043478260869565,80.43478260869566,0.17391304347826086,87.42230537439295,1048.148564,8.0,high_8_10,14428.0,valid,Metro
213021342,Altona Meadows,12.0,6.3887557898099345,0.9166666666666666,91.66666666666666,0.0,128.31155195289182,967.0987656,4.0,middle_4_7,18783.0,valid,Metro
213021343,Altona North,41.0,24.85903110410477,0.7804878048780488,78.04878048780488,0.17073170731707318,197.98658141557553,992.7395136,5.0,middle_4_7,16493.0,valid,Metro
213021344,Newport,51.0,25.088547815820544,0.9019607843137255,90.19607843137256,0.09803921568627451,95.6872165847119,1103.178453,9.0,high_8_10,20328.0,valid,Metro
213021345,Seabrook,4.0,8.110300081103,0.75,75.0,0.0,182.71387921892725,1005.973698,6.0,middle_4_7,4932.0,valid,Metro
213021346,Williamstown,103.0,60.22687404981873,0.8952380952380953,89.52380952380953,0.24761904761904763,114.89819268102646,1100.810827,9.0,high_8_10,17102.0,valid,Metro
213031347,Braybrook,50.0,23.9051443870721,0.8,80.0,0.24,137.7818441018785,964.8284017,4.0,middle_4_7,20916.0,valid,Metro
213031348,Footscray,126.0,60.33904798390959,0.9769230769230769,97.6923076923077,0.35384615384615387,74.49809815120418,1029.885778,7.0,middle_4_7,20882.0,valid,Metro
213031349,Maribyrnong,46.0,32.95128939828081,0.9782608695652174,97.82608695652173,0.391304347826087,69.5019520065475,1062.624914,8.0,high_8_10,13960.0,valid,Metro
213031350,Seddon - Kingsville,33.0,33.85309807139926,1.0,100.0,0.15151515151515152,59.184362037480554,1102.651283,9.0,high_8_10,9748.0,valid,Metro
213031351,West Footscray - Tottenham,26.0,19.989236564926575,0.9615384615384616,96.15384615384616,0.038461538461538464,58.95783822366562,1045.916291,7.0,middle_4_7,13007.0,valid,Metro
213031352,Yarraville,74.0,45.79491305155022,0.9864864864864865,98.64864864864865,0.16216216216216217,131.00270897937457,1108.86584,9.0,high_8_10,16159.0,valid,Metro
213041353,Bacchus Marsh,42.0,15.451401662865132,0.75,75.0,0.22916666666666666,260.4100237047294,983.3053179,5.0,middle_4_7,27182.0,valid,Regional
213041358,Melton West,17.0,7.485689123734037,1.0,100.0,0.17647058823529413,84.06103488293246,920.1955678,2.0,low_1_3,22710.0,valid,Regional
213041359,Rockbank - Mount Cottrell,21.0,5.856760374832664,0.5714285714285714,57.14285714285714,0.19047619047619047,258.71959946166146,1029.180574,7.0,middle_4_7,35856.0,valid,Regional
213041360,Taylors Hill,12.0,6.0380396497937,0.9166666666666666,91.66666666666666,0.25,182.84421113030106,1023.29809,7.0,middle_4_7,19874.0,valid,Regional
213041461,Burnside,5.0,7.535795026375283,0.8,80.0,0.0,49.43518151492786,981.8657242999999,5.0,middle_4_7,6635.0,valid,Regional
213041462,Burnside Heights,1.0,1.552072016141549,0.0,0.0,0.0,699.9163738429088,1007.2321189999999,6.0,middle_4_7,6443.0,valid,Regional
213041463,Caroline Springs,36.0,17.196904557179707,0.8888888888888888,88.88888888888889,0.3333333333333333,139.63475767095164,1011.498967,6.0,middle_4_7,20934.0,valid,Regional
213041571,Brookfield,1.0,0.9376465072667604,0.0,0.0,0.0,1912.1361866478405,937.3344913999999,3.0,low_1_3,10665.0,valid,Regional
213041572,Cobblebank - Strathtulloh,9.0,6.984866123399302,0.5555555555555556,55.55555555555556,0.4444444444444444,306.02289626897687,1000.9874169999999,6.0,middle_4_7,12885.0,valid,Regional
213041573,Eynesbury - Exford,5.0,11.603620329542817,0.2,20.0,0.0,470.87499283591467,1056.106265,8.0,high_8_10,4309.0,valid,Regional
213041574,Fraser Rise - Plumpton,12.0,4.850640688790978,0.4166666666666667,41.66666666666667,0.3333333333333333,3500.1680712320967,1034.6927930000002,7.0,middle_4_7,24739.0,valid,Regional
213041575,Hillside,9.0,5.564830272676684,1.0,100.0,0.1111111111111111,135.25375207298433,1012.755935,6.0,middle_4_7,16173.0,valid,Regional
213041576,Kurunjang - Toolern Vale,7.0,5.793742757821553,0.14285714285714285,14.285714285714285,0.14285714285714285,3058.862097250824,921.4702959,2.0,low_1_3,12082.0,valid,Regional
213041577,Melton,36.0,44.96065942300487,0.8611111111111112,86.11111111111111,0.16666666666666666,186.05108552159192,843.4074045000001,1.0,low_1_3,8007.0,valid,Regional
213041578,Melton South - Weir Views,15.0,6.572893387669253,0.8666666666666667,86.66666666666667,0.13333333333333333,135.95395030909614,881.0337174,1.0,low_1_3,22821.0,valid,Regional
213051361,Hoppers Crossing - North,29.0,15.796067323928318,0.7931034482758621,79.3103448275862,0.10344827586206896,292.96068066396987,954.7464629,4.0,middle_4_7,18359.0,valid,Metro
213051362,Hoppers Crossing - South,28.0,14.810113191579392,1.0,100.0,0.17857142857142858,99.17812027812008,935.5907334,3.0,low_1_3,18906.0,valid,Metro
213051363,Laverton,31.0,24.18851435705368,0.8709677419354839,87.09677419354838,0.1935483870967742,131.9994486693714,1015.239725,6.0,middle_4_7,12816.0,valid,Metro
213051368,Werribee - South,80.0,44.603033006244424,0.8426966292134831,84.26966292134831,0.20224719101123595,175.46404608211404,1000.9251300000001,6.0,middle_4_7,17936.0,valid,Metro
213051464,Point Cook - East,13.0,5.96412350323439,0.6153846153846154,61.53846153846154,0.23076923076923078,284.73927931085746,1071.958475,8.0,high_8_10,21797.0,valid,Metro
213051466,Point Cook - South,19.0,9.119270458363331,0.6842105263157895,68.42105263157895,0.0,288.4540425048383,1087.3958010000001,9.0,high_8_10,20835.0,valid,Metro
213051467,Werribee - East,14.0,7.289768289507941,1.0,100.0,0.14285714285714285,84.27084375098698,897.3382103,2.0,low_1_3,19205.0,valid,Metro
213051468,Werribee - West,12.0,3.6426554958564794,0.7142857142857143,71.42857142857143,0.21428571428571427,317.77289291867,992.2638053999999,5.0,middle_4_7,32943.0,valid,Metro
213051579,Manor Lakes - Quandong,2.0,1.4633789419770251,0.5,50.0,0.0,1928.664646918699,1036.504625,7.0,middle_4_7,13667.0,valid,Metro
213051580,Point Cook - North East,32.0,21.700800217008002,1.0,100.0,0.15625,137.61260669669593,1032.895742,7.0,middle_4_7,14746.0,valid,Metro
213051581,Point Cook - North West,5.0,4.925623091321052,1.0,100.0,0.0,123.42355126240032,1057.011015,8.0,high_8_10,10151.0,valid,Metro
213051582,Tarneit (West) - Mount Cottrell,4.0,2.0867024883927177,1.0,100.0,0.0,145.64309243120272,1021.362363,6.0,middle_4_7,19169.0,valid,Metro
213051583,Tarneit - Central,24.0,8.206250427408875,0.9583333333333334,95.83333333333334,0.16666666666666666,79.89688950509102,1011.1070659999999,6.0,middle_4_7,29246.0,valid,Metro
213051584,Tarneit - North,2.0,1.2594458438287153,0.5,50.0,0.0,401.2532482948544,1031.109082,7.0,middle_4_7,15880.0,valid,Metro
213051585,Tarneit - South,4.0,3.3715441672285906,1.0,100.0,0.0,54.277004433635284,981.169049,5.0,middle_4_7,11864.0,valid,Metro
213051586,Truganina - North,18.0,11.700468018720748,0.5555555555555556,55.55555555555556,0.16666666666666666,358.24916449522385,1046.3220729999998,7.0,middle_4_7,15384.0,valid,Metro
213051587,Truganina - South East,8.0,7.375991148810622,0.875,87.5,0.0,201.94404789694897,1053.061705,8.0,high_8_10,10846.0,valid,Metro
213051588,Truganina - South West,6.0,2.9418975239029175,1.0,100.0,0.0,100.16949811488186,995.2518503,5.0,middle_4_7,20395.0,valid,Metro
213051589,Wyndham Vale - North,7.0,4.822597313124354,0.8571428571428571,85.71428571428571,0.0,176.62396059960767,976.3908456,5.0,middle_4_7,14515.0,valid,Metro
213051590,Wyndham Vale - South,9.0,6.36717368234878,1.0,100.0,0.0,223.03278887909383,947.4706753,3.0,low_1_3,14135.0,valid,Metro
214011370,Carrum Downs,30.0,12.785543811796796,0.9,90.0,0.16666666666666666,158.46852761900587,950.2865944,3.0,low_1_3,23464.0,valid,Metro
214011371,Frankston,98.0,39.132691770155326,0.9489795918367347,94.89795918367348,0.2653061224489796,132.13878724358727,962.4342854,4.0,middle_4_7,25043.0,valid,Metro
214011372,Frankston North,44.0,22.228958270182883,0.8636363636363636,86.36363636363636,0.25,135.2425883271866,908.5119159,2.0,low_1_3,19794.0,valid,Metro
214011373,Frankston South,19.0,9.806957778465986,0.7894736842105263,78.94736842105263,0.0,175.01540947216654,1062.263939,8.0,high_8_10,19374.0,valid,Metro
214011374,Langwarrin,15.0,5.816658911121452,0.8,80.0,0.06666666666666667,140.61743945255503,1005.240672,6.0,middle_4_7,25788.0,valid,Metro
214011375,Seaford (Vic.),43.0,23.490849494673583,0.813953488372093,81.3953488372093,0.11627906976744186,240.93326222779007,979.0337602999999,5.0,middle_4_7,18305.0,valid,Metro
214011376,Skye - Sandhurst,7.0,5.146680391147711,0.0,0.0,0.14285714285714285,1499.6327655576408,1028.392358,7.0,middle_4_7,13601.0,valid,Metro
214021377,Dromana,73.0,52.42369838420108,0.4657534246575342,46.57534246575342,0.1780821917808219,578.1681633480792,998.3624766,6.0,middle_4_7,13925.0,valid,Metro
214021378,Flinders,160.0,263.85224274406335,0.0875,8.75,0.05,5232.567794105114,1094.587062,9.0,high_8_10,6064.0,valid,Metro
214021379,Hastings - Somers,88.0,36.982559361210335,0.5568181818181818,55.68181818181818,0.07954545454545454,311.9310148227705,968.9142127,4.0,middle_4_7,23795.0,valid,Metro
214021381,Mount Eliza,46.0,24.071166928309786,0.7608695652173914,76.08695652173914,0.1956521739130435,191.1343610561866,1115.3292959999999,10.0,high_8_10,19110.0,valid,Metro
214021382,Mount Martha,33.0,16.368235702594117,0.5454545454545454,54.54545454545454,0.06060606060606061,356.01319427773916,1068.267978,8.0,high_8_10,20161.0,valid,Metro
214021383,Point Nepean,116.0,56.381841158744045,0.7758620689655172,77.58620689655173,0.21551724137931033,148.2112262747377,1015.726073,6.0,middle_4_7,20574.0,valid,Metro
214021384,Rosebud - McCrae,68.0,28.926322953888036,0.6521739130434783,65.21739130434783,0.08695652173913043,132.22134960888928,947.7521815,3.0,low_1_3,23508.0,valid,Metro
214021385,Somerville,65.0,34.03497748455336,0.46153846153846156,46.15384615384615,0.07692307692307693,452.59301652600595,999.4892373,6.0,middle_4_7,19098.0,valid,Metro
214021591,Mornington - East,32.0,21.21734517968439,0.8125,81.25,0.1875,224.12233986950423,995.39239,5.0,middle_4_7,15082.0,valid,Metro
214021592,Mornington - West,90.0,82.56880733944955,0.9222222222222223,92.22222222222223,0.23333333333333334,145.61395692718182,1036.425294,7.0,middle_4_7,10900.0,valid,Metro
215011386,Ararat,42.0,50.00595308965353,0.9215686274509803,92.15686274509804,0.21568627450980393,129.99933602422502,904.3175487,2.0,low_1_3,8399.0,valid,Regional
215011387,Ararat Surrounds,34.0,106.88462747563659,0.3157894736842105,31.57894736842105,0.13157894736842105,2681.359777610037,997.992832,6.0,middle_4_7,3181.0,valid,Regional
215011388,Horsham,63.0,37.317853334912925,0.8939393939393939,89.39393939393939,0.22727272727272727,208.7811539334479,948.3700597,3.0,low_1_3,16882.0,valid,Regional
215011389,Horsham Surrounds,27.0,79.43512797881729,0.06896551724137931,6.896551724137931,0.06896551724137931,4881.107058246822,1012.313709,6.0,middle_4_7,3399.0,valid,Regional
215011390,Nhill Region,44.0,65.69125111973723,0.5538461538461539,55.38461538461539,0.15384615384615385,360.58878922701297,933.5301043,3.0,low_1_3,6698.0,valid,Regional
215011391,St Arnaud,18.0,53.03476723629935,0.5238095238095238,52.38095238095239,0.14285714285714285,399.9581581837551,919.8006011,2.0,low_1_3,3394.0,valid,Regional
215011392,Stawell,59.0,69.92178241289405,0.676056338028169,67.6056338028169,0.15492957746478872,218.1310890538187,921.0797308,2.0,low_1_3,8438.0,valid,Regional
215011393,West Wimmera,21.0,79.06626506024095,0.2857142857142857,28.57142857142857,0.23809523809523808,1520.0602195922122,967.0998188,4.0,middle_4_7,2656.0,valid,Regional
215011394,Yarriambiack,46.0,73.64713416586615,0.44155844155844154,44.15584415584416,0.16883116883116883,458.12633181854096,921.9510799,2.0,low_1_3,6246.0,valid,Regional
215021395,Irymple,24.0,29.706646862235424,0.375,37.5,0.041666666666666664,1535.941692532588,987.2788711000001,5.0,middle_4_7,8079.0,valid,Regional
215021396,Merbein,15.0,30.175015087507543,0.4666666666666667,46.666666666666664,0.06666666666666667,460.7005692883889,922.1311465,2.0,low_1_3,4971.0,valid,Regional
215021398,Mildura Surrounds,26.0,68.80127017729558,0.45454545454545453,45.45454545454545,0.21212121212121213,404.211238118965,947.1923706,3.0,low_1_3,3779.0,valid,Regional
215021399,Red Cliffs,25.0,41.28819157720891,0.5862068965517241,58.620689655172406,0.034482758620689655,313.4444608482018,902.2530921,2.0,low_1_3,6055.0,valid,Regional
215021469,Mildura - North,104.0,58.697369906309966,0.8879310344827587,88.79310344827587,0.2672413793103448,173.08902209287126,887.5164313,1.0,low_1_3,17718.0,valid,Regional
215021470,Mildura - South,32.0,19.15364817142515,0.8125,81.25,0.25,126.02551617121105,931.8605373,3.0,low_1_3,16707.0,valid,Regional
215031400,Buloke,55.0,93.36275674758105,0.5619047619047619,56.19047619047619,0.22857142857142856,368.63225403469363,946.0568513,3.0,low_1_3,5891.0,valid,Regional
215031401,Gannawarra,34.0,52.13124808340999,0.5,50.0,0.13157894736842105,387.4374401125644,933.6621352,3.0,low_1_3,6522.0,valid,Regional
215031402,Kerang,17.0,44.92600422832981,0.0,0.0,0.23529411764705882,1051.4894015619006,895.0635367,2.0,low_1_3,3784.0,valid,Regional
215031403,Robinvale,11.0,29.341157642037878,0.5555555555555556,55.55555555555556,0.0,256.2372908712506,866.7456616999999,1.0,low_1_3,3749.0,valid,Regional
215031404,Swan Hill,55.0,51.1770726714432,0.9272727272727272,92.72727272727272,0.16363636363636364,178.9914308617101,939.7721497,3.0,low_1_3,10747.0,valid,Regional
215031405,Swan Hill Surrounds,32.0,49.481985464666764,0.3488372093023256,34.883720930232556,0.11627906976744186,803.6378931231002,940.1450734,3.0,low_1_3,6467.0,valid,Regional
216011406,Echuca,73.0,47.53532591000847,0.75,75.0,0.3026315789473684,226.21275304179483,936.6836131,3.0,low_1_3,15357.0,valid,Regional
216011407,Kyabram,30.0,27.68038383465584,0.39215686274509803,39.21568627450981,0.19607843137254902,673.2227266056519,926.4279936,3.0,low_1_3,10838.0,valid,Regional
216011408,Lockington - Gunbower,21.0,53.164556962025316,0.17647058823529413,17.647058823529413,0.14705882352941177,901.4443413372414,960.2980163,4.0,middle_4_7,3950.0,valid,Regional
216011409,Rochester,14.0,37.930100243836364,0.7142857142857143,71.42857142857143,0.21428571428571427,178.83690828989464,917.5887985,2.0,low_1_3,3691.0,valid,Regional
216011410,Rushworth,44.0,104.51306413301663,0.22580645161290322,22.58064516129032,0.0967741935483871,794.9518297572846,915.6318149,2.0,low_1_3,4210.0,valid,Regional
216021411,Cobram,28.0,42.257772411711436,0.6785714285714286,67.85714285714286,0.35714285714285715,243.7867404682915,888.6731457,1.0,low_1_3,6626.0,valid,Regional
216021412,Moira,20.0,70.39774727208729,0.4,40.0,0.2,590.7371251468336,956.1848292,4.0,middle_4_7,2841.0,valid,Regional
216021413,Numurkah,57.0,45.797846697734215,0.43103448275862066,43.103448275862064,0.15517241379310345,566.5938499871057,934.4931046,3.0,low_1_3,12446.0,valid,Regional
216021414,Yarrawonga,32.0,35.7422093153133,0.40625,40.625,0.1875,583.5340393002956,934.3265201,3.0,low_1_3,8953.0,valid,Regional
216031415,Mooroopna,17.0,20.259802168990582,0.8888888888888888,88.88888888888889,0.2777777777777778,143.67397114551804,873.0886704000001,1.0,low_1_3,8391.0,valid,Regional
216031416,Shepparton - North,81.0,39.877904686884605,0.9239130434782609,92.3913043478261,0.31521739130434784,122.98659891832662,949.0847433,3.0,low_1_3,20312.0,valid,Regional
216031418,Shepparton Surrounds - East,17.0,41.92355117139334,0.11764705882352941,11.76470588235294,0.0,14183.580612419331,998.8395615000001,6.0,middle_4_7,4055.0,valid,Regional
216031419,Shepparton Surrounds - West,39.0,37.69572781751402,0.31746031746031744,31.746031746031743,0.12698412698412698,813.2125944697929,949.8375725,3.0,low_1_3,10346.0,valid,Regional
216031593,Kialla,21.0,20.398251578436135,0.42857142857142855,42.857142857142854,0.09523809523809523,1044.7476553451286,1014.5115659999999,6.0,middle_4_7,10295.0,valid,Regional
216031594,Shepparton - South East,48.0,29.386555650789763,0.88,88.0,0.2,213.45153587793845,864.0757108,1.0,low_1_3,16334.0,valid,Regional
217011420,Glenelg (Vic.),39.0,44.454576541661915,0.23076923076923078,23.076923076923077,0.1794871794871795,806.0937694285199,941.5342168000001,3.0,low_1_3,8773.0,valid,Regional
217011421,Hamilton (Vic.),61.0,59.229051364210115,0.8375,83.75,0.15,249.87154302116375,944.3308358999999,3.0,low_1_3,10299.0,valid,Regional
217011422,Portland,43.0,38.65516001438331,0.7727272727272727,77.27272727272727,0.1590909090909091,224.1451314448433,901.8413318,2.0,low_1_3,11124.0,valid,Regional
217011423,Southern Grampians,43.0,69.2989524576954,0.32608695652173914,32.608695652173914,0.13043478260869565,1501.4825536926123,990.5072267,5.0,middle_4_7,6205.0,valid,Regional
217031471,Camperdown,19.0,56.6150178784267,0.45,45.0,0.15,512.2935973818327,928.4116249,3.0,low_1_3,3356.0,valid,Regional
217031472,Colac,50.0,39.81525720656155,0.9215686274509803,92.15686274509804,0.23529411764705882,188.89734700260382,903.4467393,2.0,low_1_3,12558.0,valid,Regional
217031473,Colac Surrounds,32.0,56.43738977072311,0.275,27.500000000000004,0.2,1181.0088062512282,988.4575982,5.0,middle_4_7,5670.0,valid,Regional
217031474,Corangamite - North,34.0,65.37204383772351,0.2857142857142857,28.57142857142857,0.2,925.2758108255671,939.1014892000001,3.0,low_1_3,5201.0,valid,Regional
217031475,Corangamite - South,47.0,66.29990125546621,0.47368421052631576,47.368421052631575,0.21052631578947367,423.917975865084,978.938357,5.0,middle_4_7,7089.0,valid,Regional
217031476,Otway,60.0,150.9813789632612,0.6125,61.25000000000001,0.1125,226.639128899036,977.2139874999999,5.0,middle_4_7,3974.0,valid,Regional
217041477,Moyne - East,30.0,42.04035874439462,0.6052631578947368,60.526315789473685,0.21052631578947367,359.9591299562084,986.3290208,5.0,middle_4_7,7136.0,valid,Regional
217041478,Moyne - West,66.0,64.41538161233652,0.6304347826086957,63.04347826086957,0.2391304347826087,317.02520355310276,1004.9336649999999,6.0,middle_4_7,10246.0,valid,Regional
217041479,Warrnambool - North,28.0,12.121736871726048,0.6428571428571429,64.28571428571429,0.03571428571428571,265.87746695266196,955.6556998000001,4.0,middle_4_7,23099.0,valid,Regional
217041480,Warrnambool - South,98.0,72.11184694628403,0.9433962264150944,94.33962264150944,0.3867924528301887,169.8177453473642,972.2373462,4.0,middle_4_7,13590.0,valid,Regional
297979799,Migratory - Offshore - Shipping (Vic.),0.0,,,,,,,,,,missing_population,
299999499,No usual address (Vic.),0.0,,,,,,,,,,missing_population,
