date,mode,trips_millions
2018-01-01,Bus,7.57
2018-02-01,Bus,10.49
2018-03-01,Bus,11.53
2018-04-01,Bus,9.59
2018-05-01,Bus,11.26
2018-06-01,Bus,9.53
2018-07-01,Bus,9.66
2018-08-01,Bus,11.76
2018-09-01,Bus,9.88
2018-10-01,Bus,11.23
2018-11-01,Bus,10.37
2018-12-01,Bus,7.94
2019-01-01,Bus,7.85
2019-02-01,Bus,10.11
2019-03-01,Bus,11.78
2019-04-01,Bus,9.67
2019-05-01,Bus,12.08
2019-06-01,Bus,9.52
2019-07-01,Bus,10.42
2019-08-01,Bus,11.49
2019-09-01,Bus,10.24
2019-10-01,Bus,11.29
2019-11-01,Bus,10.41
2019-12-01,Bus,8.86
2020-01-01,Bus,8.37
2020-02-01,Bus,10.41
2020-03-01,Bus,7.6
2020-04-01,Bus,1.51
2020-05-01,Bus,2.54
2020-06-01,Bus,4.75
2020-07-01,Bus,3.17
2020-08-01,Bus,1.79
2020-09-01,Bus,2.04
2020-10-01,Bus,3.77
2020-11-01,Bus,5.8
2020-12-01,Bus,5.89
2021-01-01,Bus,4.81
2021-02-01,Bus,5.62
2021-03-01,Bus,7.65
2021-04-01,Bus,6.63
2021-05-01,Bus,6.96
2021-06-01,Bus,4.45
2021-07-01,Bus,4.72
2021-08-01,Bus,3.1
2021-09-01,Bus,2.41
2021-10-01,Bus,3.44
2021-11-01,Bus,6.45
2021-12-01,Bus,5.91
2022-01-01,Bus,4.12
2022-02-01,Bus,6.21
2022-03-01,Bus,8.48
2022-04-01,Bus,6.87
2022-05-01,Bus,7.78
2022-06-01,Bus,6.94
2022-07-01,Bus,7.33
2022-08-01,Bus,8.34
2022-09-01,Bus,7.47
2022-10-01,Bus,8.16
2022-11-01,Bus,8.31
2022-12-01,Bus,7.43
2023-01-01,Bus,7.09
2023-02-01,Bus,8.61
2023-03-01,Bus,10.3
2023-04-01,Bus,8.12
2023-05-01,Bus,9.85
2023-06-01,Bus,8.64
2023-07-01,Bus,9.22
2023-08-01,Bus,10.3
2023-09-01,Bus,9.26
2023-10-01,Bus,10.08
2023-11-01,Bus,9.87
2023-12-01,Bus,8.55
2024-01-01,Bus,8.34
2024-02-01,Bus,10.44
2024-03-01,Bus,10.6
2024-04-01,Bus,9.27
2024-05-01,Bus,10.26
2024-06-01,Bus,8.71
2024-07-01,Bus,9.83
2024-08-01,Bus,10.74
2024-09-01,Bus,9.19
2024-10-01,Bus,10.56
2024-11-01,Bus,9.32
2024-12-01,Bus,8.69
2025-01-01,Bus,8.18
2025-02-01,Bus,9.18
2025-03-01,Bus,10.65
2025-04-01,Bus,9.35
2025-05-01,Bus,10.38
2025-06-01,Bus,8.81
2025-07-01,Bus,9.57
2025-08-01,Bus,9.97
2025-09-01,Bus,9.14
2025-10-01,Bus,10.08
2025-11-01,Bus,8.82
2025-12-01,Bus,8.28
2026-01-01,Bus,7.62
2018-01-01,Train,16.81
2018-02-01,Train,19.55
2018-03-01,Train,22.66
2018-04-01,Train,20.31
2018-05-01,Train,22.77
2018-06-01,Train,19.28
2018-07-01,Train,20.73
2018-08-01,Train,22.57
2018-09-01,Train,20.06
2018-10-01,Train,22.3
2018-11-01,Train,20.81
2018-12-01,Train,16.67
2019-01-01,Train,17.07
2019-02-01,Train,20.01
2019-03-01,Train,22.25
2019-04-01,Train,18.58
2019-05-01,Train,23.05
2019-06-01,Train,19.1
2019-07-01,Train,20.77
2019-08-01,Train,22.62
2019-09-01,Train,20.59
2019-10-01,Train,22.43
2019-11-01,Train,20.41
2019-12-01,Train,17.89
2020-01-01,Train,17.02
2020-02-01,Train,19.81
2020-03-01,Train,13.75
2020-04-01,Train,2.17
2020-05-01,Train,3.67
2020-06-01,Train,6.43
2020-07-01,Train,3.96
2020-08-01,Train,1.89
2020-09-01,Train,1.93
2020-10-01,Train,3.39
2020-11-01,Train,6.44
2020-12-01,Train,7.87
2021-01-01,Train,7.23
2021-02-01,Train,7.82
2021-03-01,Train,11.85
2021-04-01,Train,11.63
2021-05-01,Train,11.38
2021-06-01,Train,6.32
2021-07-01,Train,7.51
2021-08-01,Train,3.95
2021-09-01,Train,2.77
2021-10-01,Train,4.0
2021-11-01,Train,8.34
2021-12-01,Train,9.13
2022-01-01,Train,5.78
2022-02-01,Train,8.38
2022-03-01,Train,13.05
2022-04-01,Train,11.89
2022-05-01,Train,12.83
2022-06-01,Train,11.84
2022-07-01,Train,12.02
2022-08-01,Train,13.1
2022-09-01,Train,12.94
2022-10-01,Train,12.91
2022-11-01,Train,13.07
2022-12-01,Train,11.87
2023-01-01,Train,10.11
2023-02-01,Train,12.83
2023-03-01,Train,16.53
2023-04-01,Train,13.29
2023-05-01,Train,15.31
2023-06-01,Train,13.12
2023-07-01,Train,14.02
2023-08-01,Train,16.44
2023-09-01,Train,14.85
2023-10-01,Train,15.2
2023-11-01,Train,14.65
2023-12-01,Train,13.52
2024-01-01,Train,13.25
2024-02-01,Train,15.83
2024-03-01,Train,17.17
2024-04-01,Train,15.94
2024-05-01,Train,17.2
2024-06-01,Train,14.45
2024-07-01,Train,15.9
2024-08-01,Train,17.27
2024-09-01,Train,15.32
2024-10-01,Train,16.93
2024-11-01,Train,14.97
2024-12-01,Train,13.6
2025-01-01,Train,13.38
2025-02-01,Train,14.51
2025-03-01,Train,17.99
2025-04-01,Train,15.48
2025-05-01,Train,17.59
2025-06-01,Train,14.44
2025-07-01,Train,15.45
2025-08-01,Train,16.19
2025-09-01,Train,15.0
2025-10-01,Train,15.98
2025-11-01,Train,14.3
2025-12-01,Train,14.89
2026-01-01,Train,14.26
2018-01-01,Tram,15.23
2018-02-01,Tram,16.98
2018-03-01,Tram,19.83
2018-04-01,Tram,16.92
2018-05-01,Tram,17.69
2018-06-01,Tram,15.84
2018-07-01,Tram,17.17
2018-08-01,Tram,18.42
2018-09-01,Tram,15.89
2018-10-01,Tram,18.68
2018-11-01,Tram,17.4
2018-12-01,Tram,15.4
2019-01-01,Tram,15.7
2019-02-01,Tram,16.48
2019-03-01,Tram,19.46
2019-04-01,Tram,17.4
2019-05-01,Tram,18.41
2019-06-01,Tram,15.04
2019-07-01,Tram,16.78
2019-08-01,Tram,17.58
2019-09-01,Tram,15.73
2019-10-01,Tram,16.92
2019-11-01,Tram,15.34
2019-12-01,Tram,13.74
2020-01-01,Tram,13.4
2020-02-01,Tram,14.66
2020-03-01,Tram,9.6
2020-04-01,Tram,1.38
2020-05-01,Tram,2.59
2020-06-01,Tram,4.08
2020-07-01,Tram,2.51
2020-08-01,Tram,1.22
2020-09-01,Tram,1.25
2020-10-01,Tram,2.13
2020-11-01,Tram,4.51
2020-12-01,Tram,6.0
2021-01-01,Tram,5.55
2021-02-01,Tram,5.88
2021-03-01,Tram,8.75
2021-04-01,Tram,9.12
2021-05-01,Tram,8.76
2021-06-01,Tram,4.56
2021-07-01,Tram,5.09
2021-08-01,Tram,2.69
2021-09-01,Tram,1.91
2021-10-01,Tram,3.1
2021-11-01,Tram,7.03
2021-12-01,Tram,8.36
2022-01-01,Tram,5.37
2022-02-01,Tram,7.96
2022-03-01,Tram,11.61
2022-04-01,Tram,10.07
2022-05-01,Tram,10.15
2022-06-01,Tram,9.59
2022-07-01,Tram,11.13
2022-08-01,Tram,12.36
2022-09-01,Tram,11.79
2022-10-01,Tram,12.08
2022-11-01,Tram,12.14
2022-12-01,Tram,10.95
2023-01-01,Tram,12.25
2023-02-01,Tram,12.89
2023-03-01,Tram,15.29
2023-04-01,Tram,12.4
2023-05-01,Tram,12.76
2023-06-01,Tram,11.6
2023-07-01,Tram,12.34
2023-08-01,Tram,13.28
2023-09-01,Tram,12.15
2023-10-01,Tram,12.45
2023-11-01,Tram,12.5
2023-12-01,Tram,12.17
2024-01-01,Tram,11.82
2024-02-01,Tram,13.43
2024-03-01,Tram,14.84
2024-04-01,Tram,14.24
2024-05-01,Tram,13.91
2024-06-01,Tram,11.66
2024-07-01,Tram,13.02
2024-08-01,Tram,13.71
2024-09-01,Tram,11.7
2024-10-01,Tram,14.58
2024-11-01,Tram,13.55
2024-12-01,Tram,13.1
2025-01-01,Tram,12.52
2025-02-01,Tram,13.06
2025-03-01,Tram,15.3
2025-04-01,Tram,13.41
2025-05-01,Tram,14.44
2025-06-01,Tram,11.79
2025-07-01,Tram,12.65
2025-08-01,Tram,12.23
2025-09-01,Tram,11.52
2025-10-01,Tram,12.4
2025-11-01,Tram,12.27
2025-12-01,Tram,12.07
